Entity,Code,Year,LifeExpectancy,HealthExpenditurePerCapita,WorldRegionAccordingToOWID,Health expenditure per capita (Original Year),Life expectancy (Original Year)
Albania,ALB,1995,74.826,314.867,Europe,2000,2000
Albania,ALB,1996,74.826,314.867,Europe,2000,2000
Albania,ALB,1997,74.826,314.867,Europe,2000,2000
Albania,ALB,1998,74.826,314.867,Europe,2000,2000
Albania,ALB,1999,74.826,314.867,Europe,2000,2000
Albania,ALB,2000,74.826,314.867,Europe,,
Albania,ALB,2001,75.083,345.379,Europe,,
Albania,ALB,2002,75.299,346.572,Europe,,
Albania,ALB,2003,75.557,394.279,Europe,,
Albania,ALB,2004,75.951,426.142,Europe,,
Albania,ALB,2005,76.427,442.649,Europe,,
Albania,ALB,2006,76.994,460.909,Europe,,
Albania,ALB,2007,77.691,518.602,Europe,,
Albania,ALB,2008,78.248,529.22,Europe,,
Albania,ALB,2009,78.509,581.005,Europe,,
Albania,ALB,2010,78.414,665.381,Europe,,
Albania,ALB,2011,78.303,671.974,Europe,,
Albania,ALB,2012,78.084,678.334,Europe,,
Albania,ALB,2013,77.995,694.662,Europe,,
Albania,ALB,2014,78.029,729.956,Europe,,
Albania,ALB,2015,78.358,752.131,Europe,,
Albania,ALB,2016,78.643,811.895,Europe,,
Albania,ALB,2017,78.9,814.487,Europe,,
Albania,ALB,2018,79.238,861.653,Europe,,
Albania,ALB,2019,79.467,909.33,Europe,,
Albania,ALB,2020,77.824,963.791,Europe,,
Albania,ALB,2021,76.844,1042.842,Europe,,
Albania,ALB,2022,78.769,1154.636,Europe,,
Albania,ALB,2023,79.602,1224.075,Europe,,
Argentina,ARG,1999,74.871,1459.974,South America,2004,2004
Argentina,ARG,2000,74.871,1459.974,South America,2004,2004
Argentina,ARG,2001,74.871,1459.974,South America,2004,2004
Argentina,ARG,2002,74.871,1459.974,South America,2004,2004
Argentina,ARG,2003,74.871,1459.974,South America,2004,2004
Argentina,ARG,2004,74.871,1459.974,South America,,
Argentina,ARG,2005,75.231,1703.605,South America,,
Argentina,ARG,2006,75.279,1833.837,South America,,
Argentina,ARG,2007,74.783,2025.439,South America,,
Argentina,ARG,2008,75.428,2212.561,South America,,
Argentina,ARG,2009,75.577,2375.978,South America,,
Argentina,ARG,2010,75.68,2554.378,South America,,
Argentina,ARG,2011,76.1,2736.22,South America,,
Argentina,ARG,2012,75.802,2796.28,South America,,
Argentina,ARG,2013,75.829,2842.982,South America,,
Argentina,ARG,2014,76.268,2701.871,South America,,
Argentina,ARG,2015,76.6,2862.075,South America,,
Argentina,ARG,2016,76.105,2773.955,South America,,
Argentina,ARG,2017,76.543,2882.928,South America,,
Argentina,ARG,2018,76.77,2780.539,South America,,
Argentina,ARG,2019,76.847,2625.546,South America,,
Argentina,ARG,2020,75.878,2478.095,South America,,
Argentina,ARG,2021,73.948,2907.012,South America,,
Argentina,ARG,2022,75.806,2875.994,South America,,
Argentina,ARG,2023,77.395,2851.414,South America,,
Australia,AUS,1970,71.451,1068.553,Oceania,1971,1971
Australia,AUS,1971,71.451,1068.553,Oceania,,
Australia,AUS,1972,71.768,1098.255,Oceania,,
Australia,AUS,1973,72.058,1154.268,Oceania,,
Australia,AUS,1974,71.849,1281.742,Oceania,,
Australia,AUS,1975,72.783,1443.364,Oceania,,
Australia,AUS,1976,72.787,1482.962,Oceania,,
Australia,AUS,1977,73.472,1543.461,Oceania,,
Australia,AUS,1978,73.74,1550.516,Oceania,,
Australia,AUS,1979,74.327,1551.811,Oceania,,
Australia,AUS,1980,74.566,1576.812,Oceania,,
Australia,AUS,1981,74.783,1631.727,Oceania,,
Australia,AUS,1982,74.719,1630.671,Oceania,,
Australia,AUS,1983,75.44,1679.606,Oceania,,
Australia,AUS,1984,75.51,1715.433,Oceania,,
Australia,AUS,1985,75.43,1761.864,Oceania,,
Australia,AUS,1986,76.072,1822.529,Oceania,,
Australia,AUS,1987,76.083,1859.7,Oceania,,
Australia,AUS,1988,76.344,1932.778,Oceania,,
Australia,AUS,1989,76.197,1976.082,Oceania,,
Australia,AUS,1990,77.041,2011.106,Oceania,,
Australia,AUS,1991,77.481,2058.53,Oceania,,
Australia,AUS,1992,77.473,2119.374,Oceania,,
Australia,AUS,1993,78.006,2174.836,Oceania,,
Australia,AUS,1994,77.852,2256.867,Oceania,,
Australia,AUS,1995,78.257,2335.504,Oceania,,
Australia,AUS,1996,78.344,2442.051,Oceania,,
Australia,AUS,1997,78.626,2527.816,Oceania,,
Australia,AUS,1998,79.02,2662.501,Oceania,,
Australia,AUS,1999,79.277,2787.023,Oceania,,
Australia,AUS,2000,79.621,2918.623,Oceania,,
Australia,AUS,2001,80.006,3040.318,Oceania,,
Australia,AUS,2002,80.052,3181.737,Oceania,,
Australia,AUS,2003,80.44,3333.785,Oceania,,
Australia,AUS,2004,80.733,3549.301,Oceania,,
Australia,AUS,2005,81.092,3613.865,Oceania,,
Australia,AUS,2006,81.258,3750.505,Oceania,,
Australia,AUS,2007,81.232,3896.638,Oceania,,
Australia,AUS,2008,81.427,4051.114,Oceania,,
Australia,AUS,2009,81.728,4136.754,Oceania,,
Australia,AUS,2010,82.013,4268.681,Oceania,,
Australia,AUS,2011,82.091,4407.115,Oceania,,
Australia,AUS,2012,82.297,4404.788,Oceania,,
Australia,AUS,2013,82.551,4451.152,Oceania,,
Australia,AUS,2014,82.518,4941.936,Oceania,,
Australia,AUS,2015,82.605,5072.794,Oceania,,
Australia,AUS,2016,82.801,5228.105,Oceania,,
Australia,AUS,2017,82.718,5331.259,Oceania,,
Australia,AUS,2018,83.258,5442.379,Oceania,,
Australia,AUS,2019,83.241,5458.392,Oceania,,
Australia,AUS,2020,83.664,5855.181,Oceania,,
Australia,AUS,2021,83.564,6229.427,Oceania,,
Australia,AUS,2022,82.766,6025.396,Oceania,,
Australia,AUS,2023,83.923,6075.151,Oceania,,
Austria,AUT,1970,70.086,1144.039,Europe,,
Austria,AUT,1971,70.29,1193.936,Europe,,
Austria,AUT,1972,70.62,1272.728,Europe,,
Austria,AUT,1973,71.195,1371.848,Europe,,
Austria,AUT,1974,71.174,1483.454,Europe,,
Austria,AUT,1975,71.326,1870.952,Europe,,
Austria,AUT,1976,71.788,2012.929,Europe,,
Austria,AUT,1977,72.135,2090.557,Europe,,
Austria,AUT,1978,72.203,2196.283,Europe,,
Austria,AUT,1979,72.543,2307.802,Europe,,
Austria,AUT,1980,72.668,2372.723,Europe,,
Austria,AUT,1981,72.99,2020.113,Europe,,
Austria,AUT,1982,73.143,2040.859,Europe,,
Austria,AUT,1983,73.217,2047.492,Europe,,
Austria,AUT,1984,73.766,2060.584,Europe,,
Austria,AUT,1985,73.986,2141.114,Europe,,
Austria,AUT,1986,74.457,2246.75,Europe,,
Austria,AUT,1987,74.9,2404.559,Europe,,
Austria,AUT,1988,75.374,2477.08,Europe,,
Austria,AUT,1989,75.463,2623.84,Europe,,
Austria,AUT,1990,75.739,3201.72,Europe,,
Austria,AUT,1991,75.792,3311.613,Europe,,
Austria,AUT,1992,75.992,3468.752,Europe,,
Austria,AUT,1993,76.225,3667.453,Europe,,
Austria,AUT,1994,76.541,3917.032,Europe,,
Austria,AUT,1995,76.775,4067.284,Europe,,
Austria,AUT,1996,77.026,4134.865,Europe,,
Austria,AUT,1997,77.428,4211.418,Europe,,
Austria,AUT,1998,77.782,4445.203,Europe,,
Austria,AUT,1999,77.955,4664.008,Europe,,
Austria,AUT,2000,78.235,4718.938,Europe,,
Austria,AUT,2001,78.718,4776.365,Europe,,
Austria,AUT,2002,78.846,4895.074,Europe,,
Austria,AUT,2003,78.849,4967.35,Europe,,
Austria,AUT,2004,79.362,5123.73,Europe,,
Austria,AUT,2005,79.52,5168.261,Europe,,
Austria,AUT,2006,79.965,5267.292,Europe,,
Austria,AUT,2007,80.166,5419.719,Europe,,
Austria,AUT,2008,80.363,5598.187,Europe,,
Austria,AUT,2009,80.206,5704.378,Europe,,
Austria,AUT,2010,80.463,5745.795,Europe,,
Austria,AUT,2011,80.828,5730.372,Europe,,
Austria,AUT,2012,80.841,5816.577,Europe,,
Austria,AUT,2013,81.078,5813.279,Europe,,
Austria,AUT,2014,81.39,5877.155,Europe,,
Austria,AUT,2015,81.159,5925.348,Europe,,
Austria,AUT,2016,81.592,6002.761,Europe,,
Austria,AUT,2017,81.639,6074.392,Europe,,
Austria,AUT,2018,81.686,6137.151,Europe,,
Austria,AUT,2019,81.907,6258.114,Europe,,
Austria,AUT,2020,81.804,6295.183,Europe,,
Austria,AUT,2021,81.82,7023.391,Europe,,
Austria,AUT,2022,81.296,6609.948,Europe,,
Austria,AUT,2023,81.956,6457.345,Europe,,
Belgium,BEL,1970,70.937,1022.08,Europe,,
Belgium,BEL,1971,71.086,1077.292,Europe,,
Belgium,BEL,1972,71.412,1173.642,Europe,,
Belgium,BEL,1973,71.635,1340.678,Europe,,
Belgium,BEL,1974,71.971,1396.497,Europe,,
Belgium,BEL,1975,71.965,1678.732,Europe,,
Belgium,BEL,1976,72.104,1824.759,Europe,,
Belgium,BEL,1977,72.758,1986.871,Europe,,
Belgium,BEL,1978,72.706,2094.558,Europe,,
Belgium,BEL,1979,73.199,2154.049,Europe,,
Belgium,BEL,1980,73.242,2047.921,Europe,,
Belgium,BEL,1981,73.652,2121.156,Europe,,
Belgium,BEL,1982,73.879,2226.714,Europe,,
Belgium,BEL,1983,73.88,2263.858,Europe,,
Belgium,BEL,1984,74.369,2253.853,Europe,,
Belgium,BEL,1985,74.469,2316.223,Europe,,
Belgium,BEL,1986,74.668,2472.015,Europe,,
Belgium,BEL,1987,75.29,2558.627,Europe,,
Belgium,BEL,1988,75.591,2713.418,Europe,,
Belgium,BEL,1989,75.647,2813.095,Europe,,
Belgium,BEL,1990,76.059,2912.397,Europe,,
Belgium,BEL,1991,76.199,3073.349,Europe,,
Belgium,BEL,1992,76.358,3211.198,Europe,,
Belgium,BEL,1993,76.363,3251.678,Europe,,
Belgium,BEL,1994,76.716,3261.278,Europe,,
Belgium,BEL,1995,76.84,3290.039,Europe,,
Belgium,BEL,1996,77.185,3437.69,Europe,,
Belgium,BEL,1997,77.403,3483.226,Europe,,
Belgium,BEL,1998,77.476,3615.077,Europe,,
Belgium,BEL,1999,77.648,3797.198,Europe,,
Belgium,BEL,2000,77.768,3897.966,Europe,,
Belgium,BEL,2001,78.082,3987.216,Europe,,
Belgium,BEL,2002,78.168,4125.189,Europe,,
Belgium,BEL,2003,78.32,4571.947,Europe,,
Belgium,BEL,2004,78.96,4776.962,Europe,,
Belgium,BEL,2005,79.053,4767.386,Europe,,
Belgium,BEL,2006,79.389,4779.212,Europe,,
Belgium,BEL,2007,79.528,4888.335,Europe,,
Belgium,BEL,2008,79.579,5034.193,Europe,,
Belgium,BEL,2009,79.849,5402.012,Europe,,
Belgium,BEL,2010,80.04,5414.847,Europe,,
Belgium,BEL,2011,80.366,5404.704,Europe,,
Belgium,BEL,2012,80.26,5467.478,Europe,,
Belgium,BEL,2013,80.467,5498.202,Europe,,
Belgium,BEL,2014,81.08,5572.278,Europe,,
Belgium,BEL,2015,80.889,5785.818,Europe,,
Belgium,BEL,2016,81.265,5848.802,Europe,,
Belgium,BEL,2017,81.362,5931.681,Europe,,
Belgium,BEL,2018,81.481,6016.334,Europe,,
Belgium,BEL,2019,81.835,6076.389,Europe,,
Belgium,BEL,2020,80.798,6091.262,Europe,,
Belgium,BEL,2021,81.659,6344.266,Europe,,
Belgium,BEL,2022,81.159,6116.651,Europe,,
Belgium,BEL,2023,82.115,6150.812,Europe,,
Bosnia and Herzegovina,BIH,1995,75.292,554.572,Europe,2000,2000
Bosnia and Herzegovina,BIH,1996,75.292,554.572,Europe,2000,2000
Bosnia and Herzegovina,BIH,1997,75.292,554.572,Europe,2000,2000
Bosnia and Herzegovina,BIH,1998,75.292,554.572,Europe,2000,2000
Bosnia and Herzegovina,BIH,1999,75.292,554.572,Europe,2000,2000
Bosnia and Herzegovina,BIH,2000,75.292,554.572,Europe,,
Bosnia and Herzegovina,BIH,2001,75.573,545.818,Europe,,
Bosnia and Herzegovina,BIH,2002,75.994,576.093,Europe,,
Bosnia and Herzegovina,BIH,2003,76.449,667.718,Europe,,
Bosnia and Herzegovina,BIH,2004,76.489,777.972,Europe,,
Bosnia and Herzegovina,BIH,2005,76.424,805.023,Europe,,
Bosnia and Herzegovina,BIH,2006,76.028,878.623,Europe,,
Bosnia and Herzegovina,BIH,2007,76.162,988.737,Europe,,
Bosnia and Herzegovina,BIH,2008,76.3,1065.782,Europe,,
Bosnia and Herzegovina,BIH,2009,76.701,980.734,Europe,,
Bosnia and Herzegovina,BIH,2010,76.827,988.57,Europe,,
Bosnia and Herzegovina,BIH,2011,76.963,1007.985,Europe,,
Bosnia and Herzegovina,BIH,2012,77.037,1020.886,Europe,,
Bosnia and Herzegovina,BIH,2013,77.129,1030.527,Europe,,
Bosnia and Herzegovina,BIH,2014,77.089,1056.799,Europe,,
Bosnia and Herzegovina,BIH,2015,77.073,1140.597,Europe,,
Bosnia and Herzegovina,BIH,2016,77.124,1234.243,Europe,,
Bosnia and Herzegovina,BIH,2017,77.385,1244.31,Europe,,
Bosnia and Herzegovina,BIH,2018,77.942,1305.015,Europe,,
Bosnia and Herzegovina,BIH,2019,77.394,1379.301,Europe,,
Bosnia and Herzegovina,BIH,2020,76.04,1454.321,Europe,,
Bosnia and Herzegovina,BIH,2021,74.567,1574.218,Europe,,
Bosnia and Herzegovina,BIH,2022,76.777,1523.317,Europe,,
Bosnia and Herzegovina,BIH,2023,77.85,1603.904,Europe,,
Brazil,BRA,1995,69.584,1082.846,South America,2000,2000
Brazil,BRA,1996,69.584,1082.846,South America,2000,2000
Brazil,BRA,1997,69.584,1082.846,South America,2000,2000
Brazil,BRA,1998,69.584,1082.846,South America,2000,2000
Brazil,BRA,1999,69.584,1082.846,South America,2000,2000
Brazil,BRA,2000,69.584,1082.846,South America,,
Brazil,BRA,2001,69.98,1107.184,South America,,
Brazil,BRA,2002,70.396,1157.063,South America,,
Brazil,BRA,2003,70.884,1086.339,South America,,
Brazil,BRA,2004,71.361,1138.422,South America,,
Brazil,BRA,2005,71.832,1145.37,South America,,
Brazil,BRA,2006,72.296,1218.298,South America,,
Brazil,BRA,2007,72.73,1278.99,South America,,
Brazil,BRA,2008,73.111,1307.279,South America,,
Brazil,BRA,2009,73.457,1358.86,South America,,
Brazil,BRA,2010,73.779,1385.93,South America,,
Brazil,BRA,2011,74.047,1408.424,South America,,
Brazil,BRA,2012,74.335,1413.623,South America,,
Brazil,BRA,2013,74.609,1476.506,South America,,
Brazil,BRA,2014,74.823,1541.713,South America,,
Brazil,BRA,2015,75.106,1545.663,South America,,
Brazil,BRA,2016,75.081,1516.133,South America,,
Brazil,BRA,2017,75.383,1574.586,South America,,
Brazil,BRA,2018,75.633,1594.538,South America,,
Brazil,BRA,2019,75.809,1625.225,South America,,
Brazil,BRA,2020,74.506,1578.256,South America,,
Brazil,BRA,2021,73.038,1688.036,South America,,
Brazil,BRA,2022,74.872,1660.701,South America,,
Brazil,BRA,2023,74.872,1660.701,South America,2022,2022
Bulgaria,BGR,1998,72.373,828.071,Europe,2003,2003
Bulgaria,BGR,1999,72.373,828.071,Europe,2003,2003
Bulgaria,BGR,2000,72.373,828.071,Europe,2003,2003
Bulgaria,BGR,2001,72.373,828.071,Europe,2003,2003
Bulgaria,BGR,2002,72.373,828.071,Europe,2003,2003
Bulgaria,BGR,2003,72.373,828.071,Europe,,
Bulgaria,BGR,2004,72.575,867.329,Europe,,
Bulgaria,BGR,2005,72.559,930.305,Europe,,
Bulgaria,BGR,2006,72.69,984.8,Europe,,
Bulgaria,BGR,2007,73.008,1022.913,Europe,,
Bulgaria,BGR,2008,73.338,1125.71,Europe,,
Bulgaria,BGR,2009,73.681,1180.224,Europe,,
Bulgaria,BGR,2010,73.814,1278.04,Europe,,
Bulgaria,BGR,2011,74.169,1347.812,Europe,,
Bulgaria,BGR,2012,74.337,1422.93,Europe,,
Bulgaria,BGR,2013,74.828,1378.233,Europe,,
Bulgaria,BGR,2014,74.466,1509.761,Europe,,
Bulgaria,BGR,2015,74.621,1534.862,Europe,,
Bulgaria,BGR,2016,74.827,1643.275,Europe,,
Bulgaria,BGR,2017,74.798,1727.258,Europe,,
Bulgaria,BGR,2018,74.933,1781.234,Europe,,
Bulgaria,BGR,2019,75.087,1859.171,Europe,,
Bulgaria,BGR,2020,73.599,2238.397,Europe,,
Bulgaria,BGR,2021,71.414,2469.106,Europe,,
Bulgaria,BGR,2022,74.034,2324.406,Europe,,
Bulgaria,BGR,2023,75.636,2444.232,Europe,,
Canada,CAN,1970,72.609,1444.382,North America,,
Canada,CAN,1971,72.949,1583.901,North America,,
Canada,CAN,1972,72.826,1648.335,North America,,
Canada,CAN,1973,73.069,1694.744,North America,,
Canada,CAN,1974,73.142,1763.694,North America,,
Canada,CAN,1975,73.448,1887.969,North America,,
Canada,CAN,1976,73.87,1993.86,North America,,
Canada,CAN,1977,74.154,2001.014,North America,,
Canada,CAN,1978,74.482,2013.917,North America,,
Canada,CAN,1979,74.836,2049.255,North America,,
Canada,CAN,1980,75.061,2117.487,North America,,
Canada,CAN,1981,75.482,2205.102,North America,,
Canada,CAN,1982,75.692,2313.299,North America,,
Canada,CAN,1983,76.066,2376.458,North America,,
Canada,CAN,1984,76.355,2432.641,North America,,
Canada,CAN,1985,76.348,2509.945,North America,,
Canada,CAN,1986,76.491,2588.422,North America,,
Canada,CAN,1987,76.797,2661.151,North America,,
Canada,CAN,1988,76.862,2759.072,North America,,
Canada,CAN,1989,77.124,2855.759,North America,,
Canada,CAN,1990,77.433,2941.633,North America,,
Canada,CAN,1991,77.594,3020.438,North America,,
Canada,CAN,1992,77.853,3089.529,North America,,
Canada,CAN,1993,77.725,3067.023,North America,,
Canada,CAN,1994,77.901,3052.665,North America,,
Canada,CAN,1995,78.021,3023.914,North America,,
Canada,CAN,1996,78.272,2982.192,North America,,
Canada,CAN,1997,78.465,3065.144,North America,,
Canada,CAN,1998,78.674,3194.554,North America,,
Canada,CAN,1999,78.885,3252.492,North America,,
Canada,CAN,2000,79.233,3402.299,North America,,
Canada,CAN,2001,79.449,3566.285,North America,,
Canada,CAN,2002,79.566,3692.159,North America,,
Canada,CAN,2003,79.736,3837.345,North America,,
Canada,CAN,2004,80.029,4006.356,North America,,
Canada,CAN,2005,80.131,4122.513,North America,,
Canada,CAN,2006,80.54,4365.397,North America,,
Canada,CAN,2007,80.542,4521.434,North America,,
Canada,CAN,2008,80.73,4680.831,North America,,
Canada,CAN,2009,81.065,4853.482,North America,,
Canada,CAN,2010,81.336,5013.653,North America,,
Canada,CAN,2011,81.513,5018.006,North America,,
Canada,CAN,2012,81.704,5094.458,North America,,
Canada,CAN,2013,81.785,5104.397,North America,,
Canada,CAN,2014,81.837,5118.519,North America,,
Canada,CAN,2015,81.908,5250.074,North America,,
Canada,CAN,2016,82.03,5379.723,North America,,
Canada,CAN,2017,81.919,5493.645,North America,,
Canada,CAN,2018,81.925,5555.804,North America,,
Canada,CAN,2019,82.285,5627.916,North America,,
Canada,CAN,2020,81.654,6195.885,North America,,
Canada,CAN,2021,81.976,6524.261,North America,,
Canada,CAN,2022,81.249,6119.237,North America,,
Canada,CAN,2023,82.63,6145.641,North America,,
Chile,CHL,1995,77.128,1045.985,South America,2000,2000
Chile,CHL,1996,77.128,1045.985,South America,2000,2000
Chile,CHL,1997,77.128,1045.985,South America,2000,2000
Chile,CHL,1998,77.128,1045.985,South America,2000,2000
Chile,CHL,1999,77.128,1045.985,South America,2000,2000
Chile,CHL,2000,77.128,1045.985,South America,,
Chile,CHL,2001,77.58,1074.699,South America,,
Chile,CHL,2002,77.84,1114.511,South America,,
Chile,CHL,2003,77.884,1174.018,South America,,
Chile,CHL,2004,78.276,1246.553,South America,,
Chile,CHL,2005,78.459,1284.287,South America,,
Chile,CHL,2006,78.533,1338.225,South America,,
Chile,CHL,2007,78.652,1430.583,South America,,
Chile,CHL,2008,78.752,1460.335,South America,,
Chile,CHL,2009,78.89,1701.046,South America,,
Chile,CHL,2010,79.095,1615.202,South America,,
Chile,CHL,2011,79.236,1688.033,South America,,
Chile,CHL,2012,79.221,1793.612,South America,,
Chile,CHL,2013,79.551,1936.624,South America,,
Chile,CHL,2014,79.714,2041.482,South America,,
Chile,CHL,2015,80.008,2181.035,South America,,
Chile,CHL,2016,80.295,2269.366,South America,,
Chile,CHL,2017,80.61,2462.771,South America,,
Chile,CHL,2018,80.559,2526.753,South America,,
Chile,CHL,2019,80.324,2543.071,South America,,
Chile,CHL,2020,79.349,2489.426,South America,,
Chile,CHL,2021,78.876,2865.452,South America,,
Chile,CHL,2022,79.176,2943.784,South America,,
Chile,CHL,2023,81.167,3003.406,South America,,
China,CHN,1995,72.288,175.682,Asia,2000,2000
China,CHN,1996,72.288,175.682,Asia,2000,2000
China,CHN,1997,72.288,175.682,Asia,2000,2000
China,CHN,1998,72.288,175.682,Asia,2000,2000
China,CHN,1999,72.288,175.682,Asia,2000,2000
China,CHN,2000,72.288,175.682,Asia,,
China,CHN,2001,72.675,178.12,Asia,,
China,CHN,2002,73.034,198.976,Asia,,
China,CHN,2003,73.385,219.404,Asia,,
China,CHN,2004,73.727,233.084,Asia,,
China,CHN,2005,74.085,252.455,Asia,,
China,CHN,2006,74.404,266.934,Asia,,
China,CHN,2007,74.789,282.201,Asia,,
China,CHN,2008,74.833,324.482,Asia,,
China,CHN,2009,75.317,393.29,Asia,,
China,CHN,2010,75.668,417.713,Asia,,
China,CHN,2011,75.889,467.801,Asia,,
China,CHN,2012,76.2,531.196,Asia,,
China,CHN,2013,76.452,589.069,Asia,,
China,CHN,2014,76.714,635.87,Asia,,
China,CHN,2015,76.975,698.837,Asia,,
China,CHN,2016,77.214,744.775,Asia,,
China,CHN,2017,77.235,804.146,Asia,,
China,CHN,2018,77.709,871.683,Asia,,
China,CHN,2019,77.94,960.935,Asia,,
China,CHN,2020,78.019,1030.111,Asia,,
China,CHN,2021,78.117,1058.264,Asia,,
China,CHN,2022,78.202,1222.4,Asia,,
China,CHN,2023,77.953,1305.46,Asia,,
Colombia,COL,1995,70.905,592.037,South America,2000,2000
Colombia,COL,1996,70.905,592.037,South America,2000,2000
Colombia,COL,1997,70.905,592.037,South America,2000,2000
Colombia,COL,1998,70.905,592.037,South America,2000,2000
Colombia,COL,1999,70.905,592.037,South America,2000,2000
Colombia,COL,2000,70.905,592.037,South America,,
Colombia,COL,2001,71.185,615.399,South America,,
Colombia,COL,2002,71.537,592.165,South America,,
Colombia,COL,2003,72.309,618.508,South America,,
Colombia,COL,2004,72.76,660.031,South America,,
Colombia,COL,2005,73.156,725.04,South America,,
Colombia,COL,2006,73.497,800.012,South America,,
Colombia,COL,2007,73.751,865.586,South America,,
Colombia,COL,2008,74.206,958.755,South America,,
Colombia,COL,2009,74.531,1021.747,South America,,
Colombia,COL,2010,74.876,1035.236,South America,,
Colombia,COL,2011,75.18,1061.593,South America,,
Colombia,COL,2012,75.611,1086.518,South America,,
Colombia,COL,2013,75.834,1171.611,South America,,
Colombia,COL,2014,75.95,1230.813,South America,,
Colombia,COL,2015,76.067,1270.997,South America,,
Colombia,COL,2016,76.228,1268.882,South America,,
Colombia,COL,2017,76.418,1312.671,South America,,
Colombia,COL,2018,76.579,1345.978,South America,,
Colombia,COL,2019,76.793,1376.834,South America,,
Colombia,COL,2020,74.757,1379.007,South America,,
Colombia,COL,2021,72.698,1597.951,South America,,
Colombia,COL,2022,76.508,1439.788,South America,,
Colombia,COL,2023,77.725,1536.194,South America,,
Costa Rica,CRI,1999,78.512,890.477,North America,2004,2004
Costa Rica,CRI,2000,78.512,890.477,North America,2004,2004
Costa Rica,CRI,2001,78.512,890.477,North America,2004,2004
Costa Rica,CRI,2002,78.512,890.477,North America,2004,2004
Costa Rica,CRI,2003,78.512,890.477,North America,2004,2004
Costa Rica,CRI,2004,78.512,890.477,North America,,
Costa Rica,CRI,2005,78.877,900.769,North America,,
Costa Rica,CRI,2006,79.049,982.262,North America,,
Costa Rica,CRI,2007,79.098,1043.837,North America,,
Costa Rica,CRI,2008,79.18,1133.149,North America,,
Costa Rica,CRI,2009,79.372,1228.581,North America,,
Costa Rica,CRI,2010,79.354,1313.084,North America,,
Costa Rica,CRI,2011,79.624,1359.088,North America,,
Costa Rica,CRI,2012,79.925,1364.328,North America,,
Costa Rica,CRI,2013,80.189,1370.558,North America,,
Costa Rica,CRI,2014,80.231,1413.926,North America,,
Costa Rica,CRI,2015,80.407,1467.961,North America,,
Costa Rica,CRI,2016,79.988,1468.871,North America,,
Costa Rica,CRI,2017,79.994,1453.864,North America,,
Costa Rica,CRI,2018,80.09,1522.242,North America,,
Costa Rica,CRI,2019,80.296,1533.99,North America,,
Costa Rica,CRI,2020,79.725,1581.441,North America,,
Costa Rica,CRI,2021,78.05,1641.674,North America,,
Costa Rica,CRI,2022,79.316,1575.997,North America,,
Costa Rica,CRI,2023,80.799,1564.584,North America,,
Croatia,HRV,1998,74.709,1354.917,Europe,2003,2003
Croatia,HRV,1999,74.709,1354.917,Europe,2003,2003
Croatia,HRV,2000,74.709,1354.917,Europe,2003,2003
Croatia,HRV,2001,74.709,1354.917,Europe,2003,2003
Croatia,HRV,2002,74.709,1354.917,Europe,2003,2003
Croatia,HRV,2003,74.709,1354.917,Europe,,
Croatia,HRV,2004,75.266,1471.55,Europe,,
Croatia,HRV,2005,75.57,1608.272,Europe,,
Croatia,HRV,2006,75.677,1717.321,Europe,,
Croatia,HRV,2007,75.886,1951.111,Europe,,
Croatia,HRV,2008,76.001,2060.075,Europe,,
Croatia,HRV,2009,76.313,2021.788,Europe,,
Croatia,HRV,2010,76.676,1969.808,Europe,,
Croatia,HRV,2011,76.993,1836.295,Europe,,
Croatia,HRV,2012,77.284,1785.678,Europe,,
Croatia,HRV,2013,77.51,1527.313,Europe,,
Croatia,HRV,2014,77.514,1583.218,Europe,,
Croatia,HRV,2015,77.633,1663.93,Europe,,
Croatia,HRV,2016,77.629,1768.327,Europe,,
Croatia,HRV,2017,77.726,1839.84,Europe,,
Croatia,HRV,2018,77.865,1950.998,Europe,,
Croatia,HRV,2019,78.197,2070.999,Europe,,
Croatia,HRV,2020,77.497,2166.711,Europe,,
Croatia,HRV,2021,77.141,2579.322,Europe,,
Croatia,HRV,2022,78.278,2478.451,Europe,,
Croatia,HRV,2023,78.58,2544.502,Europe,,
Cyprus,CYP,1998,78.908,1910.316,Europe,2003,2003
Cyprus,CYP,1999,78.908,1910.316,Europe,2003,2003
Cyprus,CYP,2000,78.908,1910.316,Europe,2003,2003
Cyprus,CYP,2001,78.908,1910.316,Europe,2003,2003
Cyprus,CYP,2002,78.908,1910.316,Europe,2003,2003
Cyprus,CYP,2003,78.908,1910.316,Europe,,
Cyprus,CYP,2004,79.007,1919.257,Europe,,
Cyprus,CYP,2005,79.198,1962.289,Europe,,
Cyprus,CYP,2006,79.456,2022.502,Europe,,
Cyprus,CYP,2007,79.798,2045.782,Europe,,
Cyprus,CYP,2008,79.906,2336.866,Europe,,
Cyprus,CYP,2009,80.375,2390.016,Europe,,
Cyprus,CYP,2010,80.632,2376.771,Europe,,
Cyprus,CYP,2011,80.855,2270.421,Europe,,
Cyprus,CYP,2012,81.128,2182.664,Europe,,
Cyprus,CYP,2013,81.317,2164.153,Europe,,
Cyprus,CYP,2014,81.337,2124.713,Europe,,
Cyprus,CYP,2015,81.464,2184.294,Europe,,
Cyprus,CYP,2016,81.534,2297.57,Europe,,
Cyprus,CYP,2017,81.543,2395.965,Europe,,
Cyprus,CYP,2018,81.556,2571.54,Europe,,
Cyprus,CYP,2019,81.454,2784.155,Europe,,
Cyprus,CYP,2020,81.23,3266.498,Europe,,
Cyprus,CYP,2021,80.573,3729.771,Europe,,
Cyprus,CYP,2022,80.434,3624.536,Europe,,
Cyprus,CYP,2023,81.648,3589.217,Europe,,
Czechia,CZE,1985,71.409,1072.905,Europe,1990,1990
Czechia,CZE,1986,71.409,1072.905,Europe,1990,1990
Czechia,CZE,1987,71.409,1072.905,Europe,1990,1990
Czechia,CZE,1988,71.409,1072.905,Europe,1990,1990
Czechia,CZE,1989,71.409,1072.905,Europe,1990,1990
Czechia,CZE,1990,71.409,1072.905,Europe,,
Czechia,CZE,1991,71.97,926.349,Europe,,
Czechia,CZE,1992,72.33,951.266,Europe,,
Czechia,CZE,1993,72.853,1320.349,Europe,,
Czechia,CZE,1994,73.082,1424.409,Europe,,
Czechia,CZE,1995,73.177,1558.323,Europe,,
Czechia,CZE,1996,73.834,1619.451,Europe,,
Czechia,CZE,1997,73.946,1609.594,Europe,,
Czechia,CZE,1998,74.553,1630.103,Europe,,
Czechia,CZE,1999,74.741,1714.452,Europe,,
Czechia,CZE,2000,74.978,1736.426,Europe,,
Czechia,CZE,2001,75.314,1869.463,Europe,,
Czechia,CZE,2002,75.442,2027.375,Europe,,
Czechia,CZE,2003,75.396,2230.002,Europe,,
Czechia,CZE,2004,75.942,2280.551,Europe,,
Czechia,CZE,2005,76.156,2390.374,Europe,,
Czechia,CZE,2006,76.708,2432.809,Europe,,
Czechia,CZE,2007,76.919,2491.195,Europe,,
Czechia,CZE,2008,77.172,2625.019,Europe,,
Czechia,CZE,2009,77.258,2881.371,Europe,,
Czechia,CZE,2010,77.568,2963.847,Europe,,
Czechia,CZE,2011,77.814,2952.508,Europe,,
Czechia,CZE,2012,77.998,2940.737,Europe,,
Czechia,CZE,2013,78.169,2924.82,Europe,,
Czechia,CZE,2014,78.744,3069.439,Europe,,
Czechia,CZE,2015,78.561,3120.284,Europe,,
Czechia,CZE,2016,78.974,3219.221,Europe,,
Czechia,CZE,2017,78.926,3293.657,Europe,,
Czechia,CZE,2018,78.961,3416.183,Europe,,
Czechia,CZE,2019,79.185,3590.648,Europe,,
Czechia,CZE,2020,78.237,4098.209,Europe,,
Czechia,CZE,2021,77.234,4416.112,Europe,,
Czechia,CZE,2022,79.165,4012.926,Europe,,
Czechia,CZE,2023,79.834,3929.417,Europe,,
Denmark,DNK,1970,73.427,2109.407,Europe,1971,1971
Denmark,DNK,1971,73.427,2109.407,Europe,,
Denmark,DNK,1972,73.468,2220.821,Europe,,
Denmark,DNK,1973,73.694,2275.067,Europe,,
Denmark,DNK,1974,73.822,2392.626,Europe,,
Denmark,DNK,1975,74.1,2450.016,Europe,,
Denmark,DNK,1976,73.77,2555.392,Europe,,
Denmark,DNK,1977,74.659,2536.767,Europe,,
Denmark,DNK,1978,74.426,2650.255,Europe,,
Denmark,DNK,1979,74.241,2727.482,Europe,,
Denmark,DNK,1980,74.129,2663.294,Europe,,
Denmark,DNK,1981,74.251,2675.626,Europe,,
Denmark,DNK,1982,74.597,2779.542,Europe,,
Denmark,DNK,1983,74.456,2798.481,Europe,,
Denmark,DNK,1984,74.616,2752.103,Europe,,
Denmark,DNK,1985,74.48,2869.692,Europe,,
Denmark,DNK,1986,74.639,2957.091,Europe,,
Denmark,DNK,1987,74.745,3070.116,Europe,,
Denmark,DNK,1988,74.84,3106.382,Europe,,
Denmark,DNK,1989,74.86,3082.262,Europe,,
Denmark,DNK,1990,74.865,3133.038,Europe,,
Denmark,DNK,1991,75.227,3121.215,Europe,,
Denmark,DNK,1992,75.269,3185.561,Europe,,
Denmark,DNK,1993,75.189,3292.721,Europe,,
Denmark,DNK,1994,75.441,3345.448,Europe,,
Denmark,DNK,1995,75.287,3288.561,Europe,,
Denmark,DNK,1996,75.664,3401.905,Europe,,
Denmark,DNK,1997,76.041,3456.594,Europe,,
Denmark,DNK,1998,76.436,3412.32,Europe,,
Denmark,DNK,1999,76.578,3854.401,Europe,,
Denmark,DNK,2000,76.815,3892.751,Europe,,
Denmark,DNK,2001,76.974,4073.651,Europe,,
Denmark,DNK,2002,77.099,4207.349,Europe,,
Denmark,DNK,2003,77.401,4307.302,Europe,,
Denmark,DNK,2004,77.785,4484.892,Europe,,
Denmark,DNK,2005,78.226,4668.188,Europe,,
Denmark,DNK,2006,78.223,4872.285,Europe,,
Denmark,DNK,2007,78.349,4999.732,Europe,,
Denmark,DNK,2008,78.714,5100.178,Europe,,
Denmark,DNK,2009,78.957,5334.676,Europe,,
Denmark,DNK,2010,79.247,5435.29,Europe,,
Denmark,DNK,2011,79.786,5343.147,Europe,,
Denmark,DNK,2012,80.082,5411.535,Europe,,
Denmark,DNK,2013,80.306,5356.839,Europe,,
Denmark,DNK,2014,80.632,5445.714,Europe,,
Denmark,DNK,2015,80.739,5587.997,Europe,,
Denmark,DNK,2016,80.881,5669.119,Europe,,
Denmark,DNK,2017,81.112,5724.452,Europe,,
Denmark,DNK,2018,80.991,5808.855,Europe,,
Denmark,DNK,2019,81.434,5923.613,Europe,,
Denmark,DNK,2020,81.546,6146.851,Europe,,
Denmark,DNK,2021,81.436,6618.299,Europe,,
Denmark,DNK,2022,81.291,6113.009,Europe,,
Denmark,DNK,2023,81.933,5827.024,Europe,,
Estonia,EST,1994,70.681,892.607,Europe,1999,1999
Estonia,EST,1995,70.681,892.607,Europe,1999,1999
Estonia,EST,1996,70.681,892.607,Europe,1999,1999
Estonia,EST,1997,70.681,892.607,Europe,1999,1999
Estonia,EST,1998,70.681,892.607,Europe,1999,1999
Estonia,EST,1999,70.681,892.607,Europe,,
Estonia,EST,2000,71.014,893.503,Europe,,
Estonia,EST,2001,70.834,880.525,Europe,,
Estonia,EST,2002,71.364,940.773,Europe,,
Estonia,EST,2003,71.923,1131.869,Europe,,
Estonia,EST,2004,72.375,1268.612,Europe,,
Estonia,EST,2005,73.028,1404.976,Europe,,
Estonia,EST,2006,73.2,1497.821,Europe,,
Estonia,EST,2007,73.153,1745.028,Europe,,
Estonia,EST,2008,74.279,1871.135,Europe,,
Estonia,EST,2009,75.152,1850.933,Europe,,
Estonia,EST,2010,75.882,1810.235,Europe,,
Estonia,EST,2011,76.346,1804.813,Europe,,
Estonia,EST,2012,76.416,1875.419,Europe,,
Estonia,EST,2013,77.252,1978.481,Europe,,
Estonia,EST,2014,77.11,2097.762,Europe,,
Estonia,EST,2015,77.665,2232.218,Europe,,
Estonia,EST,2016,77.763,2325.043,Europe,,
Estonia,EST,2017,78.181,2392.241,Europe,,
Estonia,EST,2018,78.334,2517.863,Europe,,
Estonia,EST,2019,78.773,2645.22,Europe,,
Estonia,EST,2020,78.893,2921.922,Europe,,
Estonia,EST,2021,77.409,3154.128,Europe,,
Estonia,EST,2022,78.167,2875.604,Europe,,
Estonia,EST,2023,79.153,2915.597,Europe,,
Finland,FIN,1970,70.325,1058.35,Europe,,
Finland,FIN,1971,70.147,1152.706,Europe,,
Finland,FIN,1972,70.867,1252.597,Europe,,
Finland,FIN,1973,71.367,1311.609,Europe,,
Finland,FIN,1974,71.293,1354.478,Europe,,
Finland,FIN,1975,71.838,1458.886,Europe,,
Finland,FIN,1976,71.989,1555.648,Europe,,
Finland,FIN,1977,72.513,1590.939,Europe,,
Finland,FIN,1978,73.08,1616.981,Europe,,
Finland,FIN,1979,73.36,1694.614,Europe,,
Finland,FIN,1980,73.649,1737.749,Europe,,
Finland,FIN,1981,73.965,1794.041,Europe,,
Finland,FIN,1982,74.53,1864.31,Europe,,
Finland,FIN,1983,74.437,1935.902,Europe,,
Finland,FIN,1984,74.743,2020.673,Europe,,
Finland,FIN,1985,74.424,2197.035,Europe,,
Finland,FIN,1986,74.766,2303.296,Europe,,
Finland,FIN,1987,74.799,2445.134,Europe,,
Finland,FIN,1988,74.765,2558.038,Europe,,
Finland,FIN,1989,74.969,2700.907,Europe,,
Finland,FIN,1990,74.989,2875.121,Europe,,
Finland,FIN,1991,75.407,2975.427,Europe,,
Finland,FIN,1992,75.647,2860.236,Europe,,
Finland,FIN,1993,75.885,2563.537,Europe,,
Finland,FIN,1994,76.575,2493.674,Europe,,
Finland,FIN,1995,76.604,2698.045,Europe,,
Finland,FIN,1996,76.87,2793.795,Europe,,
Finland,FIN,1997,77.064,2835.343,Europe,,
Finland,FIN,1998,77.259,2885.104,Europe,,
Finland,FIN,1999,77.451,2976.324,Europe,,
Finland,FIN,2000,77.671,3230.932,Europe,,
Finland,FIN,2001,78.142,3381.652,Europe,,
Finland,FIN,2002,78.27,3562.815,Europe,,
Finland,FIN,2003,78.533,3720.881,Europe,,
Finland,FIN,2004,78.846,3901.029,Europe,,
Finland,FIN,2005,78.971,4088.473,Europe,,
Finland,FIN,2006,79.373,4193.581,Europe,,
Finland,FIN,2007,79.391,4306.824,Europe,,
Finland,FIN,2008,79.695,4423.108,Europe,,
Finland,FIN,2009,79.831,4421.828,Europe,,
Finland,FIN,2010,80.012,4475.389,Europe,,
Finland,FIN,2011,80.392,4571.221,Europe,,
Finland,FIN,2012,80.508,4651.581,Europe,,
Finland,FIN,2013,80.869,4700.07,Europe,,
Finland,FIN,2014,81.055,4663.214,Europe,,
Finland,FIN,2015,81.377,4653.823,Europe,,
Finland,FIN,2016,81.303,4652.864,Europe,,
Finland,FIN,2017,81.497,4664.664,Europe,,
Finland,FIN,2018,81.626,4697.715,Europe,,
Finland,FIN,2019,81.864,4830.318,Europe,,
Finland,FIN,2020,81.822,4966.75,Europe,,
Finland,FIN,2021,81.814,5213.708,Europe,,
Finland,FIN,2022,81.243,5159.045,Europe,,
Finland,FIN,2023,81.91,5399.139,Europe,,
France,FRA,1970,72.091,1223.278,Europe,,
France,FRA,1971,72.091,1223.278,Europe,1970,1970
France,FRA,1972,72.091,1223.278,Europe,1970,1970
France,FRA,1973,72.9,1704.131,Europe,1975,1975
France,FRA,1974,72.9,1704.131,Europe,1975,1975
France,FRA,1975,72.9,1704.131,Europe,,
France,FRA,1976,72.9,1704.131,Europe,1975,1975
France,FRA,1977,72.9,1704.131,Europe,1975,1975
France,FRA,1978,74.234,2141.888,Europe,1980,1980
France,FRA,1979,74.234,2141.888,Europe,1980,1980
France,FRA,1980,74.234,2141.888,Europe,,
France,FRA,1981,74.234,2141.888,Europe,1980,1980
France,FRA,1982,74.234,2141.888,Europe,1980,1980
France,FRA,1983,75.309,2523.013,Europe,1985,1985
France,FRA,1984,75.309,2523.013,Europe,1985,1985
France,FRA,1985,75.309,2523.013,Europe,,
France,FRA,1986,75.309,2523.013,Europe,1985,1985
France,FRA,1987,75.309,2523.013,Europe,1985,1985
France,FRA,1988,76.835,3074.766,Europe,1990,1990
France,FRA,1989,76.835,3074.766,Europe,1990,1990
France,FRA,1990,76.835,3074.766,Europe,,
France,FRA,1991,77.016,3176.771,Europe,,
France,FRA,1992,77.297,3275.225,Europe,,
France,FRA,1993,77.349,3393.718,Europe,,
France,FRA,1994,77.768,3443.415,Europe,,
France,FRA,1995,77.871,3898.337,Europe,,
France,FRA,1996,78.061,3932.869,Europe,,
France,FRA,1997,78.425,3951.707,Europe,,
France,FRA,1998,78.588,4053.983,Europe,,
France,FRA,1999,78.746,4175.681,Europe,,
France,FRA,2000,79.044,4252.468,Europe,,
France,FRA,2001,79.221,4363.613,Europe,,
France,FRA,2002,79.411,4546.811,Europe,,
France,FRA,2003,79.419,4578.138,Europe,,
France,FRA,2004,80.336,4692.006,Europe,,
France,FRA,2005,80.337,4758.546,Europe,,
France,FRA,2006,80.745,4926.712,Europe,,
France,FRA,2007,80.96,5015.674,Europe,,
France,FRA,2008,81.039,5077.483,Europe,,
France,FRA,2009,81.163,5329.271,Europe,,
France,FRA,2010,81.405,5280.09,Europe,,
France,FRA,2011,81.781,5324.443,Europe,,
France,FRA,2012,81.739,5371.584,Europe,,
France,FRA,2013,81.979,5464.74,Europe,,
France,FRA,2014,82.437,5542.29,Europe,,
France,FRA,2015,82.149,5601.869,Europe,,
France,FRA,2016,82.401,5690.706,Europe,,
France,FRA,2017,82.439,5725.443,Europe,,
France,FRA,2018,82.568,5703.986,Europe,,
France,FRA,2019,82.73,5755.07,Europe,,
France,FRA,2020,82.199,5770.47,Europe,,
France,FRA,2021,82.322,6237.002,Europe,,
France,FRA,2022,82.475,6125.395,Europe,,
France,FRA,2023,83.325,5937.124,Europe,,
Georgia,GEO,2005,71.732,733.108,Asia,2010,2010
Georgia,GEO,2006,71.732,733.108,Asia,2010,2010
Georgia,GEO,2007,71.732,733.108,Asia,2010,2010
Georgia,GEO,2008,71.732,733.108,Asia,2010,2010
Georgia,GEO,2009,71.732,733.108,Asia,2010,2010
Georgia,GEO,2010,71.732,733.108,Asia,,
Georgia,GEO,2011,72.485,682.151,Asia,,
Georgia,GEO,2012,72.672,742.903,Asia,,
Georgia,GEO,2013,73.025,953.986,Asia,,
Georgia,GEO,2014,73.105,937.701,Asia,,
Georgia,GEO,2015,73.241,1125.966,Asia,,
Georgia,GEO,2016,73.136,1250.562,Asia,,
Georgia,GEO,2017,73.435,1283.791,Asia,,
Georgia,GEO,2018,73.985,1221.701,Asia,,
Georgia,GEO,2019,74.165,1219.148,Asia,,
Georgia,GEO,2020,73.509,1461.112,Asia,,
Georgia,GEO,2021,71.635,1844.971,Asia,,
Georgia,GEO,2022,74.141,1570.226,Asia,,
Georgia,GEO,2023,74.496,1388.976,Asia,,
Germany,DEU,1970,70.678,1702.127,Europe,,
Germany,DEU,1971,70.912,1913.09,Europe,,
Germany,DEU,1972,71.148,2073.733,Europe,,
Germany,DEU,1973,71.362,2236.716,Europe,,
Germany,DEU,1974,71.678,2394.559,Europe,,
Germany,DEU,1975,71.516,2595.155,Europe,,
Germany,DEU,1976,71.979,2728.955,Europe,,
Germany,DEU,1977,72.59,2806.318,Europe,,
Germany,DEU,1978,72.57,2957.99,Europe,,
Germany,DEU,1979,72.918,2986.712,Europe,,
Germany,DEU,1980,73.088,3060.685,Europe,,
Germany,DEU,1981,73.331,3137.332,Europe,,
Germany,DEU,1982,73.628,3054.491,Europe,,
Germany,DEU,1983,73.918,3096.876,Europe,,
Germany,DEU,1984,74.38,3226.842,Europe,,
Germany,DEU,1985,74.492,3380.133,Europe,,
Germany,DEU,1986,74.695,3532.426,Europe,,
Germany,DEU,1987,75.107,3653.202,Europe,,
Germany,DEU,1988,75.281,3842.882,Europe,,
Germany,DEU,1989,75.467,3638.544,Europe,,
Germany,DEU,1990,75.341,3765.272,Europe,,
Germany,DEU,1991,75.341,3765.272,Europe,1990,1990
Germany,DEU,1992,76.004,3957.713,Europe,,
Germany,DEU,1993,76.08,3901.352,Europe,,
Germany,DEU,1994,76.38,4100.344,Europe,,
Germany,DEU,1995,76.552,4305.168,Europe,,
Germany,DEU,1996,76.783,4464.169,Europe,,
Germany,DEU,1997,77.218,4470.988,Europe,,
Germany,DEU,1998,77.576,4596.932,Europe,,
Germany,DEU,1999,77.798,4698.069,Europe,,
Germany,DEU,2000,78.056,4806.233,Europe,,
Germany,DEU,2001,78.402,4858.775,Europe,,
Germany,DEU,2002,78.475,4964.458,Europe,,
Germany,DEU,2003,78.536,5023.827,Europe,,
Germany,DEU,2004,79.119,4971.318,Europe,,
Germany,DEU,2005,79.254,5057.386,Europe,,
Germany,DEU,2006,79.586,5148.366,Europe,,
Germany,DEU,2007,79.731,5247.152,Europe,,
Germany,DEU,2008,79.816,5374.547,Europe,,
Germany,DEU,2009,79.915,5662.417,Europe,,
Germany,DEU,2010,80.081,5782.66,Europe,,
Germany,DEU,2011,80.355,5794.192,Europe,,
Germany,DEU,2012,80.502,5846.723,Europe,,
Germany,DEU,2013,80.454,5941.813,Europe,,
Germany,DEU,2014,80.906,6093.697,Europe,,
Germany,DEU,2015,80.566,6296.315,Europe,,
Germany,DEU,2016,80.837,6452.71,Europe,,
Germany,DEU,2017,80.937,6627.465,Europe,,
Germany,DEU,2018,80.875,6763.583,Europe,,
Germany,DEU,2019,81.189,6986.616,Europe,,
Germany,DEU,2020,81.004,7362.902,Europe,,
Germany,DEU,2021,81.106,7761.694,Europe,,
Germany,DEU,2022,80.58,7675.075,Europe,,
Germany,DEU,2023,81.378,7230.747,Europe,,
Greece,GRC,1970,72.748,812.938,Europe,,
Greece,GRC,1971,72.748,812.938,Europe,1970,1970
Greece,GRC,1972,72.748,812.938,Europe,1970,1970
Greece,GRC,1973,72.748,812.938,Europe,1970,1970
Greece,GRC,1974,72.748,812.938,Europe,1970,1970
Greece,GRC,1975,72.748,812.938,Europe,1970,1970
Greece,GRC,1976,74.481,1354.631,Europe,1980,1980
Greece,GRC,1977,74.481,1354.631,Europe,1980,1980
Greece,GRC,1978,74.481,1354.631,Europe,1980,1980
Greece,GRC,1979,74.481,1354.631,Europe,1980,1980
Greece,GRC,1980,74.481,1354.631,Europe,,
Greece,GRC,1981,74.481,1354.631,Europe,1980,1980
Greece,GRC,1982,74.481,1354.631,Europe,1980,1980
Greece,GRC,1983,74.481,1354.631,Europe,1980,1980
Greece,GRC,1984,74.481,1354.631,Europe,1980,1980
Greece,GRC,1985,77.001,1342.37,Europe,1988,1988
Greece,GRC,1986,77.001,1342.37,Europe,1988,1988
Greece,GRC,1987,77.001,1342.37,Europe,1988,1988
Greece,GRC,1988,77.001,1342.37,Europe,,
Greece,GRC,1989,77.133,1533.216,Europe,,
Greece,GRC,1990,77.299,1542.238,Europe,,
Greece,GRC,1991,77.386,1534.302,Europe,,
Greece,GRC,1992,77.306,1664.916,Europe,,
Greece,GRC,1993,77.691,1832.341,Europe,,
Greece,GRC,1994,77.858,2043.958,Europe,,
Greece,GRC,1995,77.893,2090.683,Europe,,
Greece,GRC,1996,78.036,2105.405,Europe,,
Greece,GRC,1997,78.399,2139.94,Europe,,
Greece,GRC,1998,78.303,2183.477,Europe,,
Greece,GRC,1999,78.423,2310.808,Europe,,
Greece,GRC,2000,78.442,2195.841,Europe,,
Greece,GRC,2001,78.909,2517.15,Europe,,
Greece,GRC,2002,79.031,2716.959,Europe,,
Greece,GRC,2003,79.085,2941.109,Europe,,
Greece,GRC,2004,79.35,2948.314,Europe,,
Greece,GRC,2005,79.65,3112.643,Europe,,
Greece,GRC,2006,79.76,3173.375,Europe,,
Greece,GRC,2007,79.662,3323.421,Europe,,
Greece,GRC,2008,80.105,3473.103,Europe,,
Greece,GRC,2009,80.368,3564.41,Europe,,
Greece,GRC,2010,80.573,3349.692,Europe,,
Greece,GRC,2011,80.625,2858.481,Europe,,
Greece,GRC,2012,80.422,2569.545,Europe,,
Greece,GRC,2013,81.067,2393.271,Europe,,
Greece,GRC,2014,81.12,2271.435,Europe,,
Greece,GRC,2015,80.789,2407.452,Europe,,
Greece,GRC,2016,81.269,2482.65,Europe,,
Greece,GRC,2017,80.961,2419.627,Europe,,
Greece,GRC,2018,81.495,2454.056,Europe,,
Greece,GRC,2019,81.349,2529.837,Europe,,
Greece,GRC,2020,81.536,2682.375,Europe,,
Greece,GRC,2021,80.531,2832.821,Europe,,
Greece,GRC,2022,79.944,2834.747,Europe,,
Greece,GRC,2023,81.857,2962.339,Europe,,
Hungary,HUN,1986,69.441,1183.329,Europe,1991,1991
Hungary,HUN,1987,69.441,1183.329,Europe,1991,1991
Hungary,HUN,1988,69.441,1183.329,Europe,1991,1991
Hungary,HUN,1989,69.441,1183.329,Europe,1991,1991
Hungary,HUN,1990,69.441,1183.329,Europe,1991,1991
Hungary,HUN,1991,69.441,1183.329,Europe,,
Hungary,HUN,1992,69.167,1224.537,Europe,,
Hungary,HUN,1993,69.18,1233.727,Europe,,
Hungary,HUN,1994,69.604,1357.392,Europe,,
Hungary,HUN,1995,69.969,1252.087,Europe,,
Hungary,HUN,1996,70.597,1238.667,Europe,,
Hungary,HUN,1997,71.003,1226.747,Europe,,
Hungary,HUN,1998,70.919,1337.962,Europe,,
Hungary,HUN,1999,71.04,1409.056,Europe,,
Hungary,HUN,2000,71.758,1438.415,Europe,,
Hungary,HUN,2001,72.394,1533.528,Europe,,
Hungary,HUN,2002,72.507,1689.6,Europe,,
Hungary,HUN,2003,72.513,1998.729,Europe,,
Hungary,HUN,2004,72.906,2006.376,Europe,,
Hungary,HUN,2005,72.865,2136.005,Europe,,
Hungary,HUN,2006,73.344,2179.669,Europe,,
Hungary,HUN,2007,73.431,2005.993,Europe,,
Hungary,HUN,2008,73.957,1983.257,Europe,,
Hungary,HUN,2009,74.179,1906.759,Europe,,
Hungary,HUN,2010,74.519,1977.191,Europe,,
Hungary,HUN,2011,74.923,2016.075,Europe,,
Hungary,HUN,2012,75.183,1950.471,Europe,,
Hungary,HUN,2013,75.683,1979.608,Europe,,
Hungary,HUN,2014,75.849,2047.907,Europe,,
Hungary,HUN,2015,75.654,2104.489,Europe,,
Hungary,HUN,2016,76.157,2198.629,Europe,,
Hungary,HUN,2017,76.007,2222.145,Europe,,
Hungary,HUN,2018,76.205,2308.075,Europe,,
Hungary,HUN,2019,76.455,2320.07,Europe,,
Hungary,HUN,2020,75.73,2615.41,Europe,,
Hungary,HUN,2021,74.185,2841.737,Europe,,
Hungary,HUN,2022,76.212,2680.384,Europe,,
Hungary,HUN,2023,77.024,2617.927,Europe,,
Iceland,ISL,1970,73.78,923.695,Europe,,
Iceland,ISL,1971,73.492,1180.122,Europe,,
Iceland,ISL,1972,74.395,1248.45,Europe,,
Iceland,ISL,1973,74.277,1254.413,Europe,,
Iceland,ISL,1974,74.125,1494.595,Europe,,
Iceland,ISL,1975,75.269,1463.777,Europe,,
Iceland,ISL,1976,76.633,1472.682,Europe,,
Iceland,ISL,1977,76.079,1638.599,Europe,,
Iceland,ISL,1978,76.378,1892.717,Europe,,
Iceland,ISL,1979,76.535,2139.229,Europe,,
Iceland,ISL,1980,76.597,2031.663,Europe,,
Iceland,ISL,1981,76.192,2123.941,Europe,,
Iceland,ISL,1982,76.799,2261.697,Europe,,
Iceland,ISL,1983,76.425,2307.875,Europe,,
Iceland,ISL,1984,77.295,2172.181,Europe,,
Iceland,ISL,1985,77.39,2278.898,Europe,,
Iceland,ISL,1986,77.87,2659.097,Europe,,
Iceland,ISL,1987,77.051,3037.335,Europe,,
Iceland,ISL,1988,76.893,3174.388,Europe,,
Iceland,ISL,1989,77.932,2963.464,Europe,,
Iceland,ISL,1990,77.741,2869.185,Europe,,
Iceland,ISL,1991,77.757,2927.892,Europe,,
Iceland,ISL,1992,78.587,2854.526,Europe,,
Iceland,ISL,1993,78.809,2838.449,Europe,,
Iceland,ISL,1994,79.022,2868.115,Europe,,
Iceland,ISL,1995,77.543,2903.288,Europe,,
Iceland,ISL,1996,78.646,2997.191,Europe,,
Iceland,ISL,1997,78.672,3105.134,Europe,,
Iceland,ISL,1998,79.396,3685.701,Europe,,
Iceland,ISL,1999,79.236,3940.381,Europe,,
Iceland,ISL,2000,79.549,4035.487,Europe,,
Iceland,ISL,2001,80.421,4080.155,Europe,,
Iceland,ISL,2002,80.278,4328.49,Europe,,
Iceland,ISL,2003,80.768,4471.419,Europe,,
Iceland,ISL,2004,80.721,4541.607,Europe,,
Iceland,ISL,2005,81.169,4615.023,Europe,,
Iceland,ISL,2006,80.938,4626.931,Europe,,
Iceland,ISL,2007,81.093,4734.168,Europe,,
Iceland,ISL,2008,81.244,4686.519,Europe,,
Iceland,ISL,2009,81.417,4393.944,Europe,,
Iceland,ISL,2010,81.594,4190.786,Europe,,
Iceland,ISL,2011,81.972,4181.957,Europe,,
Iceland,ISL,2012,82.346,4110.287,Europe,,
Iceland,ISL,2013,81.743,4169.479,Europe,,
Iceland,ISL,2014,82.43,4235.768,Europe,,
Iceland,ISL,2015,82.164,4406.963,Europe,,
Iceland,ISL,2016,81.829,4575.129,Europe,,
Iceland,ISL,2017,82.241,4727.693,Europe,,
Iceland,ISL,2018,82.453,4816.499,Europe,,
Iceland,ISL,2019,82.847,4897.308,Europe,,
Iceland,ISL,2020,82.711,5010.877,Europe,,
Iceland,ISL,2021,82.843,5322.121,Europe,,
Iceland,ISL,2022,81.588,5348.54,Europe,,
Iceland,ISL,2023,82.691,5279.945,Europe,,
India,IND,1995,62.749,118.853,Asia,2000,2000
India,IND,1996,62.749,118.853,Asia,2000,2000
India,IND,1997,62.749,118.853,Asia,2000,2000
India,IND,1998,62.749,118.853,Asia,2000,2000
India,IND,1999,62.749,118.853,Asia,2000,2000
India,IND,2000,62.749,118.853,Asia,,
India,IND,2001,63.158,129.452,Asia,,
India,IND,2002,63.649,132.181,Asia,,
India,IND,2003,64.086,132.984,Asia,,
India,IND,2004,64.484,142.638,Asia,,
India,IND,2005,64.939,148.046,Asia,,
India,IND,2006,65.373,153.135,Asia,,
India,IND,2007,65.803,161.46,Asia,,
India,IND,2008,66.247,167.772,Asia,,
India,IND,2009,66.7,176.466,Asia,,
India,IND,2010,67.162,181.105,Asia,,
India,IND,2011,67.623,184.267,Asia,,
India,IND,2012,68.076,195.532,Asia,,
India,IND,2013,68.499,228.136,Asia,,
India,IND,2014,68.932,229.645,Asia,,
India,IND,2015,69.326,240.1,Asia,,
India,IND,2016,69.709,248.707,Asia,,
India,IND,2017,70.068,220.903,Asia,,
India,IND,2018,70.415,225.668,Asia,,
India,IND,2019,70.746,236.137,Asia,,
India,IND,2020,70.156,249.68,Asia,,
India,IND,2021,67.282,277.286,Asia,,
India,IND,2022,71.698,297.521,Asia,,
India,IND,2023,72.003,312.491,Asia,,
Indonesia,IDN,1995,66.292,118.049,Asia,2000,2000
Indonesia,IDN,1996,66.292,118.049,Asia,2000,2000
Indonesia,IDN,1997,66.292,118.049,Asia,2000,2000
Indonesia,IDN,1998,66.292,118.049,Asia,2000,2000
Indonesia,IDN,1999,66.292,118.049,Asia,2000,2000
Indonesia,IDN,2000,66.292,118.049,Asia,,
Indonesia,IDN,2001,66.583,134.609,Asia,,
Indonesia,IDN,2002,66.954,121.637,Asia,,
Indonesia,IDN,2003,67.134,139.872,Asia,,
Indonesia,IDN,2004,65.521,138.688,Asia,,
Indonesia,IDN,2005,67.531,176.632,Asia,,
Indonesia,IDN,2006,67.664,190.474,Asia,,
Indonesia,IDN,2007,67.914,210.764,Asia,,
Indonesia,IDN,2008,68.085,208.359,Asia,,
Indonesia,IDN,2009,68.267,221.468,Asia,,
Indonesia,IDN,2010,68.364,247.054,Asia,,
Indonesia,IDN,2011,68.629,278.207,Asia,,
Indonesia,IDN,2012,68.862,277.489,Asia,,
Indonesia,IDN,2013,69.064,282.171,Asia,,
Indonesia,IDN,2014,69.292,301.372,Asia,,
Indonesia,IDN,2015,69.52,306.059,Asia,,
Indonesia,IDN,2016,69.733,326.244,Asia,,
Indonesia,IDN,2017,69.953,329.058,Asia,,
Indonesia,IDN,2018,70.08,340.148,Asia,,
Indonesia,IDN,2019,70.349,350.425,Asia,,
Indonesia,IDN,2020,68.817,401.751,Asia,,
Indonesia,IDN,2021,67.452,465.218,Asia,,
Indonesia,IDN,2022,70.925,369.307,Asia,,
Indonesia,IDN,2023,71.146,375.608,Asia,,
Ireland,IRL,1970,70.834,566.081,Europe,,
Ireland,IRL,1971,71.621,692.993,Europe,,
Ireland,IRL,1972,70.955,760.453,Europe,,
Ireland,IRL,1973,71.17,828.417,Europe,,
Ireland,IRL,1974,71.112,841.954,Europe,,
Ireland,IRL,1975,71.689,902.982,Europe,,
Ireland,IRL,1976,71.797,887.538,Europe,,
Ireland,IRL,1977,71.94,896.157,Europe,,
Ireland,IRL,1978,71.93,1021.017,Europe,,
Ireland,IRL,1979,72.179,1080.989,Europe,,
Ireland,IRL,1980,72.536,1175.508,Europe,,
Ireland,IRL,1981,72.888,1115.025,Europe,,
Ireland,IRL,1982,73.155,1109.218,Europe,,
Ireland,IRL,1983,73.178,1117.558,Europe,,
Ireland,IRL,1984,73.622,1122.493,Europe,,
Ireland,IRL,1985,73.561,1160.444,Europe,,
Ireland,IRL,1986,73.611,1160.729,Europe,,
Ireland,IRL,1987,74.407,1158.998,Europe,,
Ireland,IRL,1988,74.425,1158.898,Europe,,
Ireland,IRL,1989,74.451,1171.722,Europe,,
Ireland,IRL,1990,74.838,1203.156,Europe,,
Ireland,IRL,1991,75.027,1298.849,Europe,,
Ireland,IRL,1992,75.423,1383.954,Europe,,
Ireland,IRL,1993,75.289,1457.79,Europe,,
Ireland,IRL,1994,75.796,1496.951,Europe,,
Ireland,IRL,1995,75.474,1592.125,Europe,,
Ireland,IRL,1996,75.826,1632.804,Europe,,
Ireland,IRL,1997,75.977,1781.738,Europe,,
Ireland,IRL,1998,76.185,1895.107,Europe,,
Ireland,IRL,1999,76.089,2073.652,Europe,,
Ireland,IRL,2000,76.535,2410.422,Europe,,
Ireland,IRL,2001,77.1,2761.42,Europe,,
Ireland,IRL,2002,77.59,2993.323,Europe,,
Ireland,IRL,2003,78.1,3175.996,Europe,,
Ireland,IRL,2004,78.503,3361.118,Europe,,
Ireland,IRL,2005,78.909,3721.145,Europe,,
Ireland,IRL,2006,79.15,3758.61,Europe,,
Ireland,IRL,2007,79.563,3918.955,Europe,,
Ireland,IRL,2008,79.788,4177.278,Europe,,
Ireland,IRL,2009,80.095,4550.639,Europe,,
Ireland,IRL,2010,80.599,4560.176,Europe,,
Ireland,IRL,2011,80.727,4625.199,Europe,,
Ireland,IRL,2012,80.852,4638.322,Europe,,
Ireland,IRL,2013,81.065,4511.761,Europe,,
Ireland,IRL,2014,81.406,4492.459,Europe,,
Ireland,IRL,2015,81.533,4593.993,Europe,,
Ireland,IRL,2016,81.684,4738.539,Europe,,
Ireland,IRL,2017,82.103,4860.895,Europe,,
Ireland,IRL,2018,82.123,4992.323,Europe,,
Ireland,IRL,2019,82.411,5111.882,Europe,,
Ireland,IRL,2020,82.39,5585.105,Europe,,
Ireland,IRL,2021,81.861,5826.547,Europe,,
Ireland,IRL,2022,82.05,5756.511,Europe,,
Ireland,IRL,2023,82.412,5636.7,Europe,,
Israel,ISR,1990,78.052,1723.693,Asia,1995,1995
Israel,ISR,1991,78.052,1723.693,Asia,1995,1995
Israel,ISR,1992,78.052,1723.693,Asia,1995,1995
Israel,ISR,1993,78.052,1723.693,Asia,1995,1995
Israel,ISR,1994,78.052,1723.693,Asia,1995,1995
Israel,ISR,1995,78.052,1723.693,Asia,,
Israel,ISR,1996,78.57,1818.783,Asia,,
Israel,ISR,1997,78.552,1904.449,Asia,,
Israel,ISR,1998,78.588,1944.38,Asia,,
Israel,ISR,1999,78.891,1894.741,Asia,,
Israel,ISR,2000,79.18,2013.574,Asia,,
Israel,ISR,2001,79.479,2100.642,Asia,,
Israel,ISR,2002,79.514,2035.921,Asia,,
Israel,ISR,2003,79.819,1999.398,Asia,,
Israel,ISR,2004,80.305,2035.345,Asia,,
Israel,ISR,2005,80.394,2105.462,Asia,,
Israel,ISR,2006,80.786,2104.334,Asia,,
Israel,ISR,2007,80.953,2179.791,Asia,,
Israel,ISR,2008,81.283,2185.911,Asia,,
Israel,ISR,2009,81.818,2229.764,Asia,,
Israel,ISR,2010,81.974,2265.427,Asia,,
Israel,ISR,2011,81.989,2292.54,Asia,,
Israel,ISR,2012,81.985,2374.859,Asia,,
Israel,ISR,2013,82.354,2416.968,Asia,,
Israel,ISR,2014,82.361,2493.564,Asia,,
Israel,ISR,2015,82.254,2559.305,Asia,,
Israel,ISR,2016,82.612,2676.74,Asia,,
Israel,ISR,2017,82.699,2756.688,Asia,,
Israel,ISR,2018,82.918,2825.573,Asia,,
Israel,ISR,2019,82.905,2890.713,Asia,,
Israel,ISR,2020,82.7,3015.382,Asia,,
Israel,ISR,2021,82.517,3316.642,Asia,,
Israel,ISR,2022,82.814,3143.611,Asia,,
Israel,ISR,2023,82.408,3144.941,Asia,,
Italy,ITA,1983,76.532,2545.89,Europe,1988,1988
Italy,ITA,1984,76.532,2545.89,Europe,1988,1988
Italy,ITA,1985,76.532,2545.89,Europe,1988,1988
Italy,ITA,1986,76.532,2545.89,Europe,1988,1988
Italy,ITA,1987,76.532,2545.89,Europe,1988,1988
Italy,ITA,1988,76.532,2545.89,Europe,,
Italy,ITA,1989,76.927,2599.389,Europe,,
Italy,ITA,1990,76.994,2823.913,Europe,,
Italy,ITA,1991,76.99,2973.329,Europe,,
Italy,ITA,1992,77.365,2927.177,Europe,,
Italy,ITA,1993,77.653,2844.62,Europe,,
Italy,ITA,1994,77.873,2815.503,Europe,,
Italy,ITA,1995,78.125,2858.108,Europe,,
Italy,ITA,1996,78.438,2941.501,Europe,,
Italy,ITA,1997,78.735,3111.596,Europe,,
Italy,ITA,1998,78.807,3199.695,Europe,,
Italy,ITA,1999,79.205,3274.636,Europe,,
Italy,ITA,2000,79.607,3465.071,Europe,,
Italy,ITA,2001,79.885,3623.093,Europe,,
Italy,ITA,2002,80.112,3699.086,Europe,,
Italy,ITA,2003,80.191,3670.812,Europe,,
Italy,ITA,2004,81.017,3854.506,Europe,,
Italy,ITA,2005,81.02,3923.952,Europe,,
Italy,ITA,2006,81.414,3992.867,Europe,,
Italy,ITA,2007,81.5,3897.346,Europe,,
Italy,ITA,2008,81.645,3985.801,Europe,,
Italy,ITA,2009,81.762,4008.764,Europe,,
Italy,ITA,2010,82.132,3999.115,Europe,,
Italy,ITA,2011,82.228,3914.124,Europe,,
Italy,ITA,2012,82.252,3788.466,Europe,,
Italy,ITA,2013,82.652,3713.707,Europe,,
Italy,ITA,2014,82.901,3771.171,Europe,,
Italy,ITA,2015,82.521,3836.314,Europe,,
Italy,ITA,2016,83.046,3862.937,Europe,,
Italy,ITA,2017,82.726,3897.651,Europe,,
Italy,ITA,2018,83.184,3918.914,Europe,,
Italy,ITA,2019,83.342,3931.603,Europe,,
Italy,ITA,2020,82.181,4027.251,Europe,,
Italy,ITA,2021,82.865,4269.413,Europe,,
Italy,ITA,2022,82.052,4164.445,Europe,,
Italy,ITA,2023,83.716,4046.861,Europe,,
Japan,JPN,1970,72.007,890.595,Asia,,
Japan,JPN,1971,72.827,927.392,Asia,,
Japan,JPN,1972,73.258,1011.801,Asia,,
Japan,JPN,1973,73.422,1064.925,Asia,,
Japan,JPN,1974,73.849,1137.585,Asia,,
Japan,JPN,1975,74.357,1232.872,Asia,,
Japan,JPN,1976,74.761,1248.161,Asia,,
Japan,JPN,1977,75.326,1314.206,Asia,,
Japan,JPN,1978,75.657,1417.078,Asia,,
Japan,JPN,1979,76.167,1501.476,Asia,,
Japan,JPN,1980,76.141,1602.254,Asia,,
Japan,JPN,1981,76.563,1659.356,Asia,,
Japan,JPN,1982,77.072,1728.928,Asia,,
Japan,JPN,1983,77.107,1783.422,Asia,,
Japan,JPN,1984,77.507,1790.473,Asia,,
Japan,JPN,1985,77.799,1896.611,Asia,,
Japan,JPN,1986,78.212,1949.028,Asia,,
Japan,JPN,1987,78.631,2012.514,Asia,,
Japan,JPN,1988,78.545,2049.394,Asia,,
Japan,JPN,1989,78.98,2067.695,Asia,,
Japan,JPN,1990,78.993,2110.447,Asia,,
Japan,JPN,1991,79.262,2185.579,Asia,,
Japan,JPN,1992,79.303,2285.498,Asia,,
Japan,JPN,1993,79.446,2369.73,Asia,,
Japan,JPN,1994,79.837,2474.404,Asia,,
Japan,JPN,1995,79.684,2412.16,Asia,,
Japan,JPN,1996,80.363,2398.492,Asia,,
Japan,JPN,1997,80.584,2509.802,Asia,,
Japan,JPN,1998,80.649,2555.248,Asia,,
Japan,JPN,1999,80.613,2668.567,Asia,,
Japan,JPN,2000,81.179,2791.511,Asia,,
Japan,JPN,2001,81.51,2877.397,Asia,,
Japan,JPN,2002,81.795,2919.498,Asia,,
Japan,JPN,2003,81.854,2999.298,Asia,,
Japan,JPN,2004,82.127,3068.003,Asia,,
Japan,JPN,2005,82.007,3159.049,Asia,,
Japan,JPN,2006,82.37,3189.387,Asia,,
Japan,JPN,2007,82.549,3260.746,Asia,,
Japan,JPN,2008,82.633,3300.395,Asia,,
Japan,JPN,2009,82.97,3499.913,Asia,,
Japan,JPN,2010,82.916,3661.78,Asia,,
Japan,JPN,2011,82.671,4195.763,Asia,,
Japan,JPN,2012,83.168,4326.861,Asia,,
Japan,JPN,2013,83.402,4412.331,Asia,,
Japan,JPN,2014,83.643,4448.194,Asia,,
Japan,JPN,2015,83.883,4605.609,Asia,,
Japan,JPN,2016,84.057,4635.302,Asia,,
Japan,JPN,2017,84.189,4694.512,Asia,,
Japan,JPN,2018,84.289,4741.327,Asia,,
Japan,JPN,2019,84.418,4826.319,Asia,,
Japan,JPN,2020,84.67,4858.511,Asia,,
Japan,JPN,2021,84.55,5264.429,Asia,,
Japan,JPN,2022,84.054,5244.311,Asia,,
Japan,JPN,2023,84.712,4960.415,Asia,,
Latvia,LVA,1995,70.175,716.232,Europe,2000,2000
Latvia,LVA,1996,70.175,716.232,Europe,2000,2000
Latvia,LVA,1997,70.175,716.232,Europe,2000,2000
Latvia,LVA,1998,70.175,716.232,Europe,2000,2000
Latvia,LVA,1999,70.175,716.232,Europe,2000,2000
Latvia,LVA,2000,70.175,716.232,Europe,,
Latvia,LVA,2001,69.906,814.345,Europe,,
Latvia,LVA,2002,70.175,895.568,Europe,,
Latvia,LVA,2003,70.636,935.814,Europe,,
Latvia,LVA,2004,70.939,1160.963,Europe,,
Latvia,LVA,2005,70.632,1250.665,Europe,,
Latvia,LVA,2006,70.55,1447.993,Europe,,
Latvia,LVA,2007,70.789,1656.789,Europe,,
Latvia,LVA,2008,71.999,1588.126,Europe,,
Latvia,LVA,2009,72.697,1360.854,Europe,,
Latvia,LVA,2010,73.028,1360.401,Europe,,
Latvia,LVA,2011,73.718,1362.259,Europe,,
Latvia,LVA,2012,73.939,1417.399,Europe,,
Latvia,LVA,2013,74.187,1474.067,Europe,,
Latvia,LVA,2014,74.306,1548.815,Europe,,
Latvia,LVA,2015,74.665,1671.638,Europe,,
Latvia,LVA,2016,74.757,1876.939,Europe,,
Latvia,LVA,2017,74.8,1901.066,Europe,,
Latvia,LVA,2018,74.979,2080.432,Europe,,
Latvia,LVA,2019,75.628,2242.39,Europe,,
Latvia,LVA,2020,75.478,2403.416,Europe,,
Latvia,LVA,2021,73.181,3189.776,Europe,,
Latvia,LVA,2022,74.871,2719.077,Europe,,
Latvia,LVA,2023,76.19,2463.881,Europe,,
Lithuania,LTU,1995,72.139,977.683,Europe,2000,2000
Lithuania,LTU,1996,72.139,977.683,Europe,2000,2000
Lithuania,LTU,1997,72.139,977.683,Europe,2000,2000
Lithuania,LTU,1998,72.139,977.683,Europe,2000,2000
Lithuania,LTU,1999,72.139,977.683,Europe,2000,2000
Lithuania,LTU,2000,72.139,977.683,Europe,,
Lithuania,LTU,2001,71.712,992.48,Europe,,
Lithuania,LTU,2002,71.839,1092.509,Europe,,
Lithuania,LTU,2003,72.088,1231.168,Europe,,
Lithuania,LTU,2004,72.001,1211.196,Europe,,
Lithuania,LTU,2005,71.246,1403.36,Europe,,
Lithuania,LTU,2006,70.964,1601.115,Europe,,
Lithuania,LTU,2007,70.698,1808.154,Europe,,
Lithuania,LTU,2008,71.696,2001.078,Europe,,
Lithuania,LTU,2009,72.85,1875.476,Europe,,
Lithuania,LTU,2010,73.196,1827.761,Europe,,
Lithuania,LTU,2011,73.608,1902.265,Europe,,
Lithuania,LTU,2012,73.964,1938.097,Europe,,
Lithuania,LTU,2013,74.027,1986.063,Europe,,
Lithuania,LTU,2014,74.596,2105.776,Europe,,
Lithuania,LTU,2015,74.474,2270.348,Europe,,
Lithuania,LTU,2016,74.82,2410.39,Europe,,
Lithuania,LTU,2017,75.701,2480.149,Europe,,
Lithuania,LTU,2018,75.909,2629.324,Europe,,
Lithuania,LTU,2019,76.424,2931.672,Europe,,
Lithuania,LTU,2020,75.105,3092.326,Europe,,
Lithuania,LTU,2021,74.297,3448.796,Europe,,
Lithuania,LTU,2022,74.696,3257.874,Europe,,
Lithuania,LTU,2023,76.025,3242.39,Europe,,
Luxembourg,LUX,1971,70.244,1433.686,Europe,1976,1976
Luxembourg,LUX,1972,70.244,1433.686,Europe,1976,1976
Luxembourg,LUX,1973,70.244,1433.686,Europe,1976,1976
Luxembourg,LUX,1974,70.244,1433.686,Europe,1976,1976
Luxembourg,LUX,1975,70.244,1433.686,Europe,1976,1976
Luxembourg,LUX,1976,70.244,1433.686,Europe,,
Luxembourg,LUX,1977,71.459,1513.408,Europe,,
Luxembourg,LUX,1978,71.471,1687.484,Europe,,
Luxembourg,LUX,1979,72.253,1773.121,Europe,,
Luxembourg,LUX,1980,72.387,1827.2,Europe,,
Luxembourg,LUX,1981,72.077,1835.242,Europe,,
Luxembourg,LUX,1982,72.157,1810.943,Europe,,
Luxembourg,LUX,1983,72.978,1806.192,Europe,,
Luxembourg,LUX,1984,72.718,1841.876,Europe,,
Luxembourg,LUX,1985,73.284,1889.239,Europe,,
Luxembourg,LUX,1986,74.085,2044.058,Europe,,
Luxembourg,LUX,1987,73.867,2279.933,Europe,,
Luxembourg,LUX,1988,74.277,2554.862,Europe,,
Luxembourg,LUX,1989,74.286,2730.91,Europe,,
Luxembourg,LUX,1990,74.967,2918.34,Europe,,
Luxembourg,LUX,1991,74.964,2963.504,Europe,,
Luxembourg,LUX,1992,74.746,3097.595,Europe,,
Luxembourg,LUX,1993,75.426,3290.159,Europe,,
Luxembourg,LUX,1994,75.931,3302.414,Europe,,
Luxembourg,LUX,1995,75.878,3651.707,Europe,,
Luxembourg,LUX,1996,76.168,3756.049,Europe,,
Luxembourg,LUX,1997,76.39,3770.12,Europe,,
Luxembourg,LUX,1998,76.571,3938.056,Europe,,
Luxembourg,LUX,1999,76.986,4393.759,Europe,,
Luxembourg,LUX,2000,77.263,4951.467,Europe,,
Luxembourg,LUX,2001,77.53,5309.61,Europe,,
Luxembourg,LUX,2002,77.552,5710.264,Europe,,
Luxembourg,LUX,2003,77.262,5897.039,Europe,,
Luxembourg,LUX,2004,78.658,6355.958,Europe,,
Luxembourg,LUX,2005,78.879,6381.051,Europe,,
Luxembourg,LUX,2006,78.838,6459.45,Europe,,
Luxembourg,LUX,2007,79.116,6351.31,Europe,,
Luxembourg,LUX,2008,80.107,6507.523,Europe,,
Luxembourg,LUX,2009,79.907,7058.642,Europe,,
Luxembourg,LUX,2010,80.099,7065.646,Europe,,
Luxembourg,LUX,2011,80.285,5838.435,Europe,,
Luxembourg,LUX,2012,80.438,5195.431,Europe,,
Luxembourg,LUX,2013,80.854,5211.474,Europe,,
Luxembourg,LUX,2014,81.236,5308.112,Europe,,
Luxembourg,LUX,2015,81.256,5204.968,Europe,,
Luxembourg,LUX,2016,81.62,5234.716,Europe,,
Luxembourg,LUX,2017,81.089,5226.134,Europe,,
Luxembourg,LUX,2018,81.519,5361.343,Europe,,
Luxembourg,LUX,2019,81.588,5542.815,Europe,,
Luxembourg,LUX,2020,81.411,5858.675,Europe,,
Luxembourg,LUX,2021,81.839,6267.709,Europe,,
Luxembourg,LUX,2022,82.201,6133.524,Europe,,
Luxembourg,LUX,2023,82.229,6085.522,Europe,,
Malta,MLT,2011,82.657,3495.687,Europe,2016,2016
Malta,MLT,2012,82.657,3495.687,Europe,2016,2016
Malta,MLT,2013,82.657,3495.687,Europe,2016,2016
Malta,MLT,2014,82.657,3495.687,Europe,2016,2016
Malta,MLT,2015,82.657,3495.687,Europe,2016,2016
Malta,MLT,2016,82.657,3495.687,Europe,,
Malta,MLT,2017,83.089,3720.623,Europe,,
Malta,MLT,2018,82.908,3779.249,Europe,,
Malta,MLT,2019,82.839,4150.761,Europe,,
Malta,MLT,2020,82.336,4354.744,Europe,,
Malta,MLT,2021,82.316,4797.521,Europe,,
Malta,MLT,2022,82.25,4660.671,Europe,,
Malta,MLT,2023,83.299,4623.133,Europe,,
Mexico,MEX,1994,72.203,793.818,North America,1999,1999
Mexico,MEX,1995,72.203,793.818,North America,1999,1999
Mexico,MEX,1996,72.203,793.818,North America,1999,1999
Mexico,MEX,1997,72.203,793.818,North America,1999,1999
Mexico,MEX,1998,72.203,793.818,North America,1999,1999
Mexico,MEX,1999,72.203,793.818,North America,,
Mexico,MEX,2000,72.562,844.683,North America,,
Mexico,MEX,2001,72.912,915.925,North America,,
Mexico,MEX,2002,73.106,958.966,North America,,
Mexico,MEX,2003,73.308,928.652,North America,,
Mexico,MEX,2004,73.432,981.295,North America,,
Mexico,MEX,2005,73.627,959.943,North America,,
Mexico,MEX,2006,73.746,1004.713,North America,,
Mexico,MEX,2007,73.796,1025.558,North America,,
Mexico,MEX,2008,73.695,1024.341,North America,,
Mexico,MEX,2009,73.628,1012.81,North America,,
Mexico,MEX,2010,73.718,1033.719,North America,,
Mexico,MEX,2011,73.921,1045.38,North America,,
Mexico,MEX,2012,74.128,1095.312,North America,,
Mexico,MEX,2013,74.289,1112.171,North America,,
Mexico,MEX,2014,74.404,1072.161,North America,,
Mexico,MEX,2015,74.431,1132.107,North America,,
Mexico,MEX,2016,74.376,1123.494,North America,,
Mexico,MEX,2017,74.261,1116.324,North America,,
Mexico,MEX,2018,74.301,1119.181,North America,,
Mexico,MEX,2019,74.53,1134.141,North America,,
Mexico,MEX,2020,70.449,1184.145,North America,,
Mexico,MEX,2021,69.75,1202.234,North America,,
Mexico,MEX,2022,73.973,1198.601,North America,,
Mexico,MEX,2023,75.069,1242.889,North America,,
Moldova,MDA,2010,70.118,878.248,Europe,2015,2015
Moldova,MDA,2011,70.118,878.248,Europe,2015,2015
Moldova,MDA,2012,70.118,878.248,Europe,2015,2015
Moldova,MDA,2013,70.118,878.248,Europe,2015,2015
Moldova,MDA,2014,70.118,878.248,Europe,2015,2015
Moldova,MDA,2015,70.118,878.248,Europe,,
Moldova,MDA,2016,70.179,911.141,Europe,,
Moldova,MDA,2017,70.375,908.27,Europe,,
Moldova,MDA,2018,70.236,914.652,Europe,,
Moldova,MDA,2019,70.181,933.039,Europe,,
Moldova,MDA,2020,69.914,976.292,Europe,,
Moldova,MDA,2021,68.991,1261.103,Europe,,
Moldova,MDA,2022,71.546,1102.144,Europe,,
Moldova,MDA,2023,71.198,1077.208,Europe,,
Montenegro,MNE,2006,75.961,1366.591,Europe,2011,2011
Montenegro,MNE,2007,75.961,1366.591,Europe,2011,2011
Montenegro,MNE,2008,75.961,1366.591,Europe,2011,2011
Montenegro,MNE,2009,75.961,1366.591,Europe,2011,2011
Montenegro,MNE,2010,75.961,1366.591,Europe,2011,2011
Montenegro,MNE,2011,75.961,1366.591,Europe,,
Montenegro,MNE,2012,76.237,1352.924,Europe,,
Montenegro,MNE,2013,76.354,1439.415,Europe,,
Montenegro,MNE,2014,76.468,1407.238,Europe,,
Montenegro,MNE,2015,76.594,1648.157,Europe,,
Montenegro,MNE,2016,76.565,1683.878,Europe,,
Montenegro,MNE,2017,76.593,1657.577,Europe,,
Montenegro,MNE,2018,76.921,1843.837,Europe,,
Montenegro,MNE,2019,76.639,1958.103,Europe,,
Montenegro,MNE,2020,75.85,2220.799,Europe,,
Montenegro,MNE,2021,73.789,2382.028,Europe,,
Montenegro,MNE,2022,75.921,2483.941,Europe,,
Montenegro,MNE,2023,77.087,2535.506,Europe,,
Netherlands,NLD,1970,73.783,1812.838,Europe,1972,1972
Netherlands,NLD,1971,73.783,1812.838,Europe,1972,1972
Netherlands,NLD,1972,73.783,1812.838,Europe,,
Netherlands,NLD,1973,74.23,1903.845,Europe,,
Netherlands,NLD,1974,74.607,2016.029,Europe,,
Netherlands,NLD,1975,74.555,2113.16,Europe,,
Netherlands,NLD,1976,74.672,2175.758,Europe,,
Netherlands,NLD,1977,75.265,2247.651,Europe,,
Netherlands,NLD,1978,75.174,2350.093,Europe,,
Netherlands,NLD,1979,75.647,2405.032,Europe,,
Netherlands,NLD,1980,75.772,2418.608,Europe,,
Netherlands,NLD,1981,75.991,2389.099,Europe,,
Netherlands,NLD,1982,76.061,2422.83,Europe,,
Netherlands,NLD,1983,76.255,2434.478,Europe,,
Netherlands,NLD,1984,76.327,2430.576,Europe,,
Netherlands,NLD,1985,76.376,2437.193,Europe,,
Netherlands,NLD,1986,76.355,2525.312,Europe,,
Netherlands,NLD,1987,76.813,2568.117,Europe,,
Netherlands,NLD,1988,77,2607.905,Europe,,
Netherlands,NLD,1989,76.836,2765.491,Europe,,
Netherlands,NLD,1990,77.012,2919.194,Europe,,
Netherlands,NLD,1991,77.162,3025.494,Europe,,
Netherlands,NLD,1992,77.365,3115.329,Europe,,
Netherlands,NLD,1993,77.041,3156.719,Europe,,
Netherlands,NLD,1994,77.518,3167.873,Europe,,
Netherlands,NLD,1995,77.551,3209.688,Europe,,
Netherlands,NLD,1996,77.556,3271.06,Europe,,
Netherlands,NLD,1997,77.931,3315.187,Europe,,
Netherlands,NLD,1998,78.004,3833.278,Europe,,
Netherlands,NLD,1999,77.968,3983.493,Europe,,
Netherlands,NLD,2000,78.13,4069.825,Europe,,
Netherlands,NLD,2001,78.338,4339.305,Europe,,
Netherlands,NLD,2002,78.412,4623.156,Europe,,
Netherlands,NLD,2003,78.665,4799.937,Europe,,
Netherlands,NLD,2004,79.239,4895.442,Europe,,
Netherlands,NLD,2005,79.488,4984.819,Europe,,
Netherlands,NLD,2006,79.847,5129.793,Europe,,
Netherlands,NLD,2007,80.255,5275.052,Europe,,
Netherlands,NLD,2008,80.387,5500.15,Europe,,
Netherlands,NLD,2009,80.671,5698.14,Europe,,
Netherlands,NLD,2010,80.829,5790.657,Europe,,
Netherlands,NLD,2011,81.11,5802.803,Europe,,
Netherlands,NLD,2012,81.059,5897.956,Europe,,
Netherlands,NLD,2013,81.301,5873.494,Europe,,
Netherlands,NLD,2014,81.65,5893.049,Europe,,
Netherlands,NLD,2015,81.49,5882.047,Europe,,
Netherlands,NLD,2016,81.555,5951.329,Europe,,
Netherlands,NLD,2017,81.737,5940.74,Europe,,
Netherlands,NLD,2018,81.781,6002.316,Europe,,
Netherlands,NLD,2019,82.053,6176.61,Europe,,
Netherlands,NLD,2020,81.393,6515.942,Europe,,
Netherlands,NLD,2021,81.356,6921.786,Europe,,
Netherlands,NLD,2022,81.912,6448.482,Europe,,
Netherlands,NLD,2023,82.158,6293.97,Europe,,
New Zealand,NZL,1970,71.219,1195.828,Oceania,,
New Zealand,NZL,1971,71.717,1206.613,Oceania,,
New Zealand,NZL,1972,71.823,1292.875,Oceania,,
New Zealand,NZL,1973,71.675,1441.788,Oceania,,
New Zealand,NZL,1974,71.941,1571.265,Oceania,,
New Zealand,NZL,1975,72.2,1646.935,Oceania,,
New Zealand,NZL,1976,72.397,1565.737,Oceania,,
New Zealand,NZL,1977,72.135,1580.162,Oceania,,
New Zealand,NZL,1978,73.009,1706.424,Oceania,,
New Zealand,NZL,1979,73.051,1580.751,Oceania,,
New Zealand,NZL,1980,72.862,1406.172,Oceania,,
New Zealand,NZL,1981,73.632,1452.048,Oceania,,
New Zealand,NZL,1982,73.724,1453.78,Oceania,,
New Zealand,NZL,1983,73.829,1484.74,Oceania,,
New Zealand,NZL,1984,74.367,1451.087,Oceania,,
New Zealand,NZL,1985,73.876,1317.827,Oceania,,
New Zealand,NZL,1986,74.119,1417.549,Oceania,,
New Zealand,NZL,1987,74.207,1581.593,Oceania,,
New Zealand,NZL,1988,74.478,1756.365,Oceania,,
New Zealand,NZL,1989,74.888,1809.42,Oceania,,
New Zealand,NZL,1990,75.425,1864.063,Oceania,,
New Zealand,NZL,1991,76.079,1884.291,Oceania,,
New Zealand,NZL,1992,76.191,1924.88,Oceania,,
New Zealand,NZL,1993,76.499,1958.914,Oceania,,
New Zealand,NZL,1994,76.918,2042.242,Oceania,,
New Zealand,NZL,1995,76.785,2096.808,Oceania,,
New Zealand,NZL,1996,76.807,2107.774,Oceania,,
New Zealand,NZL,1997,77.344,2191.374,Oceania,,
New Zealand,NZL,1998,78.167,2292.828,Oceania,,
New Zealand,NZL,1999,77.911,2356.371,Oceania,,
New Zealand,NZL,2000,78.668,2439.959,Oceania,,
New Zealand,NZL,2001,78.662,2591.291,Oceania,,
New Zealand,NZL,2002,78.866,2735.164,Oceania,,
New Zealand,NZL,2003,79.141,2777.006,Oceania,,
New Zealand,NZL,2004,79.355,2930.905,Oceania,,
New Zealand,NZL,2005,80.031,3123.282,Oceania,,
New Zealand,NZL,2006,80.015,3297.829,Oceania,,
New Zealand,NZL,2007,80.122,3343.411,Oceania,,
New Zealand,NZL,2008,80.246,3361.378,Oceania,,
New Zealand,NZL,2009,80.545,3528.065,Oceania,,
New Zealand,NZL,2010,81.052,3566.532,Oceania,,
New Zealand,NZL,2011,80.842,3623.351,Oceania,,
New Zealand,NZL,2012,81.167,3692.654,Oceania,,
New Zealand,NZL,2013,81.612,3767.779,Oceania,,
New Zealand,NZL,2014,81.411,3843.927,Oceania,,
New Zealand,NZL,2015,81.587,3889.226,Oceania,,
New Zealand,NZL,2016,82.003,3940.332,Oceania,,
New Zealand,NZL,2017,81.605,4002.614,Oceania,,
New Zealand,NZL,2018,81.884,4041.072,Oceania,,
New Zealand,NZL,2019,81.832,4129.82,Oceania,,
New Zealand,NZL,2020,82.663,4352.668,Oceania,,
New Zealand,NZL,2021,82.3,4687.693,Oceania,,
New Zealand,NZL,2022,81.006,5300.008,Oceania,,
New Zealand,NZL,2023,82.088,4973.105,Oceania,,
North Macedonia,MKD,1995,72.569,852.693,Europe,2000,2000
North Macedonia,MKD,1996,72.569,852.693,Europe,2000,2000
North Macedonia,MKD,1997,72.569,852.693,Europe,2000,2000
North Macedonia,MKD,1998,72.569,852.693,Europe,2000,2000
North Macedonia,MKD,1999,72.569,852.693,Europe,2000,2000
North Macedonia,MKD,2000,72.569,852.693,Europe,,
North Macedonia,MKD,2001,73.006,760.813,Europe,,
North Macedonia,MKD,2002,72.709,824.913,Europe,,
North Macedonia,MKD,2003,73.047,836.148,Europe,,
North Macedonia,MKD,2004,73.448,825.359,Europe,,
North Macedonia,MKD,2005,73.608,809.509,Europe,,
North Macedonia,MKD,2006,73.791,814.82,Europe,,
North Macedonia,MKD,2007,73.742,785.861,Europe,,
North Macedonia,MKD,2008,74.436,801.59,Europe,,
North Macedonia,MKD,2009,74.469,787.097,Europe,,
North Macedonia,MKD,2010,75.037,843.852,Europe,,
North Macedonia,MKD,2011,75.142,799.931,Europe,,
North Macedonia,MKD,2012,75.043,817.874,Europe,,
North Macedonia,MKD,2013,75.583,873.741,Europe,,
North Macedonia,MKD,2014,75.633,858.24,Europe,,
North Macedonia,MKD,2015,75.629,913.178,Europe,,
North Macedonia,MKD,2016,75.571,976.695,Europe,,
North Macedonia,MKD,2017,76.152,1006.328,Europe,,
North Macedonia,MKD,2018,76.883,1060.145,Europe,,
North Macedonia,MKD,2019,76.835,1210.304,Europe,,
North Macedonia,MKD,2020,74.469,1258.938,Europe,,
North Macedonia,MKD,2021,73.292,1541.322,Europe,,
North Macedonia,MKD,2022,76.645,1483.286,Europe,,
North Macedonia,MKD,2023,77.395,1518.832,Europe,,
Norway,NOR,1970,74.07,852.719,Europe,,
Norway,NOR,1971,74.175,948.999,Europe,,
Norway,NOR,1972,74.349,1061.141,Europe,,
Norway,NOR,1973,74.44,1147.889,Europe,,
Norway,NOR,1974,74.763,1199.591,Europe,,
Norway,NOR,1975,74.817,1327.899,Europe,,
Norway,NOR,1976,75.048,1416.901,Europe,,
Norway,NOR,1977,75.398,1521.302,Europe,,
Norway,NOR,1978,75.426,1697.443,Europe,,
Norway,NOR,1979,75.415,1627.814,Europe,,
Norway,NOR,1980,75.673,1701.536,Europe,,
Norway,NOR,1981,75.882,1738.482,Europe,,
Norway,NOR,1982,76.019,1789.372,Europe,,
Norway,NOR,1983,76.079,1890.363,Europe,,
Norway,NOR,1984,76.247,1881.682,Europe,,
Norway,NOR,1985,75.933,1966.226,Europe,,
Norway,NOR,1986,76.253,2044.967,Europe,,
Norway,NOR,1987,76.102,2127.308,Europe,,
Norway,NOR,1988,76.271,2137.812,Europe,,
Norway,NOR,1989,76.543,2107.531,Europe,,
Norway,NOR,1990,76.586,2463.206,Europe,,
Norway,NOR,1991,77.038,2591.988,Europe,,
Norway,NOR,1992,77.246,2650.531,Europe,,
Norway,NOR,1993,77.221,2666.404,Europe,,
Norway,NOR,1994,77.773,2716.62,Europe,,
Norway,NOR,1995,77.797,2818.469,Europe,,
Norway,NOR,1996,78.233,2985.146,Europe,,
Norway,NOR,1997,78.238,3373.044,Europe,,
Norway,NOR,1998,78.408,3603.23,Europe,,
Norway,NOR,1999,78.386,3809.189,Europe,,
Norway,NOR,2000,78.692,3989.35,Europe,,
Norway,NOR,2001,78.896,4154.347,Europe,,
Norway,NOR,2002,78.96,4534.154,Europe,,
Norway,NOR,2003,79.529,4638.875,Europe,,
Norway,NOR,2004,79.965,4787.257,Europe,,
Norway,NOR,2005,80.169,4945.545,Europe,,
Norway,NOR,2006,80.44,5068.261,Europe,,
Norway,NOR,2007,80.502,5317.55,Europe,,
Norway,NOR,2008,80.677,5536.486,Europe,,
Norway,NOR,2009,80.865,5655.269,Europe,,
Norway,NOR,2010,81.039,5724.201,Europe,,
Norway,NOR,2011,81.245,5902.436,Europe,,
Norway,NOR,2012,81.446,6086.207,Europe,,
Norway,NOR,2013,81.668,6184.347,Europe,,
Norway,NOR,2014,82.087,6395.673,Europe,,
Norway,NOR,2015,82.273,6648.839,Europe,,
Norway,NOR,2016,82.415,6706.186,Europe,,
Norway,NOR,2017,82.624,6767.314,Europe,,
Norway,NOR,2018,82.76,6886.235,Europe,,
Norway,NOR,2019,82.955,7053.885,Europe,,
Norway,NOR,2020,83.195,7220.869,Europe,,
Norway,NOR,2021,83.166,7523.408,Europe,,
Norway,NOR,2022,82.631,7626.737,Europe,,
Norway,NOR,2023,83.308,7539.746,Europe,,
Peru,PER,2002,72.746,411.786,South America,2007,2007
Peru,PER,2003,72.746,411.786,South America,2007,2007
Peru,PER,2004,72.746,411.786,South America,2007,2007
Peru,PER,2005,72.746,411.786,South America,2007,2007
Peru,PER,2006,72.746,411.786,South America,2007,2007
Peru,PER,2007,72.746,411.786,South America,,
Peru,PER,2008,72.743,446.59,South America,,
Peru,PER,2009,72.631,492.609,South America,,
Peru,PER,2010,72.886,528.414,South America,,
Peru,PER,2011,73.327,546.017,South America,,
Peru,PER,2012,73.979,597.665,South America,,
Peru,PER,2013,74.591,617.823,South America,,
Peru,PER,2014,75.26,648.029,South America,,
Peru,PER,2015,75.732,651.691,South America,,
Peru,PER,2016,75.951,669.899,South America,,
Peru,PER,2017,75.958,678.03,South America,,
Peru,PER,2018,76.018,729.05,South America,,
Peru,PER,2019,76.275,735.5,South America,,
Peru,PER,2020,73.832,817.119,South America,,
Peru,PER,2021,71.596,977.614,South America,,
Peru,PER,2022,76.834,874.805,South America,,
Peru,PER,2023,77.74,817.016,South America,,
Poland,POL,1985,70.606,643.997,Europe,1990,1990
Poland,POL,1986,70.606,643.997,Europe,1990,1990
Poland,POL,1987,70.606,643.997,Europe,1990,1990
Poland,POL,1988,70.606,643.997,Europe,1990,1990
Poland,POL,1989,70.606,643.997,Europe,1990,1990
Poland,POL,1990,70.606,643.997,Europe,,
Poland,POL,1991,70.653,622.145,Europe,,
Poland,POL,1992,70.9,650.378,Europe,,
Poland,POL,1993,71.344,682.482,Europe,,
Poland,POL,1994,71.683,708.276,Europe,,
Poland,POL,1995,71.959,744.96,Europe,,
Poland,POL,1996,72.253,833.608,Europe,,
Poland,POL,1997,72.591,857.803,Europe,,
Poland,POL,1998,72.847,886.921,Europe,,
Poland,POL,1999,73.224,1003.813,Europe,,
Poland,POL,2000,73.645,1001.109,Europe,,
Poland,POL,2001,74.177,1080.38,Europe,,
Poland,POL,2002,74.518,1169.97,Europe,,
Poland,POL,2003,74.772,1188.796,Europe,,
Poland,POL,2004,74.943,1236.763,Europe,,
Poland,POL,2005,75.127,1270.774,Europe,,
Poland,POL,2006,75.25,1347.596,Europe,,
Poland,POL,2007,75.414,1474.249,Europe,,
Poland,POL,2008,75.583,1658.258,Europe,,
Poland,POL,2009,75.906,1774.053,Europe,,
Poland,POL,2010,76.282,1779.268,Europe,,
Poland,POL,2011,76.568,1791.015,Europe,,
Poland,POL,2012,76.775,1796.318,Europe,,
Poland,POL,2013,77.076,1872.492,Europe,,
Poland,POL,2014,77.312,1910.81,Europe,,
Poland,POL,2015,77.589,2051.793,Europe,,
Poland,POL,2016,77.639,2182.693,Europe,,
Poland,POL,2017,77.716,2294.366,Europe,,
Poland,POL,2018,77.623,2319.602,Europe,,
Poland,POL,2019,77.921,2497.099,Europe,,
Poland,POL,2020,76.595,2510.275,Europe,,
Poland,POL,2021,75.639,2726.095,Europe,,
Poland,POL,2022,77.923,2881.891,Europe,,
Poland,POL,2023,78.633,3124.894,Europe,,
Portugal,PRT,1970,67.055,289.974,Europe,,
Portugal,PRT,1971,66.848,337.871,Europe,,
Portugal,PRT,1972,69.157,463.722,Europe,,
Portugal,PRT,1973,68.601,553.811,Europe,,
Portugal,PRT,1974,69.121,575.283,Europe,,
Portugal,PRT,1975,68.843,712.557,Europe,,
Portugal,PRT,1976,69.101,715.641,Europe,,
Portugal,PRT,1977,70.343,669.682,Europe,,
Portugal,PRT,1978,70.795,713.033,Europe,,
Portugal,PRT,1979,71.606,696,Europe,,
Portugal,PRT,1980,71.663,840.404,Europe,,
Portugal,PRT,1981,71.89,872.488,Europe,,
Portugal,PRT,1982,72.698,901.233,Europe,,
Portugal,PRT,1983,72.654,847.019,Europe,,
Portugal,PRT,1984,72.934,828.44,Europe,,
Portugal,PRT,1985,73.216,945.902,Europe,,
Portugal,PRT,1986,73.647,1153.8,Europe,,
Portugal,PRT,1987,74.063,1193.41,Europe,,
Portugal,PRT,1988,74.086,1336.359,Europe,,
Portugal,PRT,1989,74.665,1285.977,Europe,,
Portugal,PRT,1990,74.304,1341.792,Europe,,
Portugal,PRT,1991,74.241,1510.686,Europe,,
Portugal,PRT,1992,74.871,1583.528,Europe,,
Portugal,PRT,1993,74.761,1609.611,Europe,,
Portugal,PRT,1994,75.73,1650.528,Europe,,
Portugal,PRT,1995,75.55,1891.746,Europe,,
Portugal,PRT,1996,75.476,2003.313,Europe,,
Portugal,PRT,1997,75.922,2077.624,Europe,,
Portugal,PRT,1998,76.116,2180.763,Europe,,
Portugal,PRT,1999,76.322,2337.307,Europe,,
Portugal,PRT,2000,76.83,2705.548,Europe,,
Portugal,PRT,2001,77.152,2737.947,Europe,,
Portugal,PRT,2002,77.37,2802.648,Europe,,
Portugal,PRT,2003,77.583,2871.974,Europe,,
Portugal,PRT,2004,78.427,3040.324,Europe,,
Portugal,PRT,2005,78.317,3088.569,Europe,,
Portugal,PRT,2006,79.089,3037.075,Europe,,
Portugal,PRT,2007,79.309,3078.083,Europe,,
Portugal,PRT,2008,79.603,3168.837,Europe,,
Portugal,PRT,2009,79.829,3322.533,Europe,,
Portugal,PRT,2010,80.115,3322.481,Europe,,
Portugal,PRT,2011,80.582,3132.738,Europe,,
Portugal,PRT,2012,80.555,2971.328,Europe,,
Portugal,PRT,2013,80.903,2913.658,Europe,,
Portugal,PRT,2014,81.314,2941.462,Europe,,
Portugal,PRT,2015,81.321,3040.267,Europe,,
Portugal,PRT,2016,81.364,3146.94,Europe,,
Portugal,PRT,2017,81.66,3227.429,Europe,,
Portugal,PRT,2018,81.591,3360.34,Europe,,
Portugal,PRT,2019,81.959,3513.439,Europe,,
Portugal,PRT,2020,81.366,3599.297,Europe,,
Portugal,PRT,2021,81.398,3993.987,Europe,,
Portugal,PRT,2022,81.194,3952.183,Europe,,
Portugal,PRT,2023,82.36,3916.534,Europe,,
Romania,ROU,1998,70.819,690.819,Europe,2003,2003
Romania,ROU,1999,70.819,690.819,Europe,2003,2003
Romania,ROU,2000,70.819,690.819,Europe,2003,2003
Romania,ROU,2001,70.819,690.819,Europe,2003,2003
Romania,ROU,2002,70.819,690.819,Europe,2003,2003
Romania,ROU,2003,70.819,690.819,Europe,,
Romania,ROU,2004,71.096,796.21,Europe,,
Romania,ROU,2005,71.581,878.516,Europe,,
Romania,ROU,2006,72.169,916.53,Europe,,
Romania,ROU,2007,72.792,1060.022,Europe,,
Romania,ROU,2008,73.216,1215.979,Europe,,
Romania,ROU,2009,73.457,1218.114,Europe,,
Romania,ROU,2010,73.579,1237.261,Europe,,
Romania,ROU,2011,74.288,1035.537,Europe,,
Romania,ROU,2012,74.314,1064.579,Europe,,
Romania,ROU,2013,74.918,1232.801,Europe,,
Romania,ROU,2014,74.765,1244.165,Europe,,
Romania,ROU,2015,74.737,1290.73,Europe,,
Romania,ROU,2016,75.021,1369.469,Europe,,
Romania,ROU,2017,75.024,1550.776,Europe,,
Romania,ROU,2018,75.103,1780.64,Europe,,
Romania,ROU,2019,75.329,1939.115,Europe,,
Romania,ROU,2020,74.046,2076.3,Europe,,
Romania,ROU,2021,72.74,2314.262,Europe,,
Romania,ROU,2022,75.261,2148.616,Europe,,
Romania,ROU,2023,75.938,2229.057,Europe,,
Serbia,SRB,1995,72.334,583.612,Europe,2000,2000
Serbia,SRB,1996,72.334,583.612,Europe,2000,2000
Serbia,SRB,1997,72.334,583.612,Europe,2000,2000
Serbia,SRB,1998,72.334,583.612,Europe,2000,2000
Serbia,SRB,1999,72.334,583.612,Europe,2000,2000
Serbia,SRB,2000,72.334,583.612,Europe,,
Serbia,SRB,2001,72.275,632.341,Europe,,
Serbia,SRB,2002,72.599,816.739,Europe,,
Serbia,SRB,2003,72.722,870.575,Europe,,
Serbia,SRB,2004,72.867,951.079,Europe,,
Serbia,SRB,2005,73.115,1054.171,Europe,,
Serbia,SRB,2006,73.395,1170.375,Europe,,
Serbia,SRB,2007,73.724,1402.436,Europe,,
Serbia,SRB,2008,73.904,1472.508,Europe,,
Serbia,SRB,2009,74.106,1411.037,Europe,,
Serbia,SRB,2010,74.376,1435.954,Europe,,
Serbia,SRB,2011,74.719,1392.622,Europe,,
Serbia,SRB,2012,75.089,1411.171,Europe,,
Serbia,SRB,2013,75.346,1436.704,Europe,,
Serbia,SRB,2014,75.478,1417.338,Europe,,
Serbia,SRB,2015,75.653,1384.778,Europe,,
Serbia,SRB,2016,75.737,1384.608,Europe,,
Serbia,SRB,2017,75.792,1377.316,Europe,,
Serbia,SRB,2018,76.036,1503.014,Europe,,
Serbia,SRB,2019,76.058,1611.204,Europe,,
Serbia,SRB,2020,74.507,1628.662,Europe,,
Serbia,SRB,2021,72.853,1981.044,Europe,,
Serbia,SRB,2022,75.478,1899.701,Europe,,
Serbia,SRB,2023,76.769,1900.935,Europe,,
Slovakia,SVK,1992,72.689,1110.275,Europe,1997,1997
Slovakia,SVK,1993,72.689,1110.275,Europe,1997,1997
Slovakia,SVK,1994,72.689,1110.275,Europe,1997,1997
Slovakia,SVK,1995,72.689,1110.275,Europe,1997,1997
Slovakia,SVK,1996,72.689,1110.275,Europe,1997,1997
Slovakia,SVK,1997,72.689,1110.275,Europe,,
Slovakia,SVK,1998,72.573,1123.116,Europe,,
Slovakia,SVK,1999,72.963,1095.198,Europe,,
Slovakia,SVK,2000,73.139,1076.981,Europe,,
Slovakia,SVK,2001,73.571,1116.222,Europe,,
Slovakia,SVK,2002,73.765,1215.681,Europe,,
Slovakia,SVK,2003,73.819,1252.346,Europe,,
Slovakia,SVK,2004,74.217,1541.205,Europe,,
Slovakia,SVK,2005,74.156,1663.004,Europe,,
Slovakia,SVK,2006,74.416,1835.427,Europe,,
Slovakia,SVK,2007,74.495,2104.513,Europe,,
Slovakia,SVK,2008,74.864,2117.335,Europe,,
Slovakia,SVK,2009,75.218,2246.515,Europe,,
Slovakia,SVK,2010,75.496,2298.101,Europe,,
Slovakia,SVK,2011,76.018,2199.531,Europe,,
Slovakia,SVK,2012,76.176,2250.106,Europe,,
Slovakia,SVK,2013,76.514,2232.09,Europe,,
Slovakia,SVK,2014,76.848,2098.889,Europe,,
Slovakia,SVK,2015,76.65,2161.854,Europe,,
Slovakia,SVK,2016,77.216,2261.442,Europe,,
Slovakia,SVK,2017,77.22,2248.709,Europe,,
Slovakia,SVK,2018,77.265,2306.896,Europe,,
Slovakia,SVK,2019,77.686,2458.131,Europe,,
Slovakia,SVK,2020,76.864,2448.986,Europe,,
Slovakia,SVK,2021,74.59,2780.793,Europe,,
Slovakia,SVK,2022,77.036,2746.242,Europe,,
Slovakia,SVK,2023,78.341,2682.216,Europe,,
Slovenia,SVN,1995,75.83,2190.043,Europe,2000,2000
Slovenia,SVN,1996,75.83,2190.043,Europe,2000,2000
Slovenia,SVN,1997,75.83,2190.043,Europe,2000,2000
Slovenia,SVN,1998,75.83,2190.043,Europe,2000,2000
Slovenia,SVN,1999,75.83,2190.043,Europe,2000,2000
Slovenia,SVN,2000,75.83,2190.043,Europe,,
Slovenia,SVN,2001,76.181,2285.835,Europe,,
Slovenia,SVN,2002,76.316,2410.677,Europe,,
Slovenia,SVN,2003,76.317,2506.477,Europe,,
Slovenia,SVN,2004,76.932,2563.328,Europe,,
Slovenia,SVN,2005,77.503,2654.465,Europe,,
Slovenia,SVN,2006,77.82,2728.433,Europe,,
Slovenia,SVN,2007,78.285,2795.158,Europe,,
Slovenia,SVN,2008,78.595,2977.934,Europe,,
Slovenia,SVN,2009,79.027,3051.665,Europe,,
Slovenia,SVN,2010,79.301,2992.742,Europe,,
Slovenia,SVN,2011,79.588,2974.925,Europe,,
Slovenia,SVN,2012,79.765,2922.1,Europe,,
Slovenia,SVN,2013,80.088,2915.911,Europe,,
Slovenia,SVN,2014,80.252,2929.327,Europe,,
Slovenia,SVN,2015,80.499,3043.31,Europe,,
Slovenia,SVN,2016,80.512,3147.847,Europe,,
Slovenia,SVN,2017,80.616,3175.68,Europe,,
Slovenia,SVN,2018,80.861,3343.208,Europe,,
Slovenia,SVN,2019,81.007,3541.763,Europe,,
Slovenia,SVN,2020,80.364,3756.19,Europe,,
Slovenia,SVN,2021,80.434,4032.24,Europe,,
Slovenia,SVN,2022,80.793,4117.391,Europe,,
Slovenia,SVN,2023,81.603,4123.041,Europe,,
South Africa,ZAF,1995,58.368,714.354,Africa,2000,2000
South Africa,ZAF,1996,58.368,714.354,Africa,2000,2000
South Africa,ZAF,1997,58.368,714.354,Africa,2000,2000
South Africa,ZAF,1998,58.368,714.354,Africa,2000,2000
South Africa,ZAF,1999,58.368,714.354,Africa,2000,2000
South Africa,ZAF,2000,58.368,714.354,Africa,,
South Africa,ZAF,2001,57.161,714.535,Africa,,
South Africa,ZAF,2002,55.58,734.062,Africa,,
South Africa,ZAF,2003,54.245,801.706,Africa,,
South Africa,ZAF,2004,53.963,808.88,Africa,,
South Africa,ZAF,2005,53.914,835.105,Africa,,
South Africa,ZAF,2006,54.22,903.852,Africa,,
South Africa,ZAF,2007,54.948,955.044,Africa,,
South Africa,ZAF,2008,55.982,988.513,Africa,,
South Africa,ZAF,2009,57.413,1031.732,Africa,,
South Africa,ZAF,2010,58.886,1079.521,Africa,,
South Africa,ZAF,2011,60.602,1117.441,Africa,,
South Africa,ZAF,2012,61.737,1120.212,Africa,,
South Africa,ZAF,2013,62.388,1141.008,Africa,,
South Africa,ZAF,2014,63.184,1102.291,Africa,,
South Africa,ZAF,2015,64.053,1131.62,Africa,,
South Africa,ZAF,2016,64.749,1132.223,Africa,,
South Africa,ZAF,2017,65.422,1123.057,Africa,,
South Africa,ZAF,2018,65.726,1138.148,Africa,,
South Africa,ZAF,2019,66.071,1156.566,Africa,,
South Africa,ZAF,2020,65.15,1199.051,Africa,,
South Africa,ZAF,2021,62.01,1231.17,Africa,,
South Africa,ZAF,2022,65.454,1229.668,Africa,,
South Africa,ZAF,2023,66.139,1228.257,Africa,,
South Korea,KOR,1970,62.175,100.865,Asia,,
South Korea,KOR,1971,62.67,91.941,Asia,,
South Korea,KOR,1972,63.22,89.56,Asia,,
South Korea,KOR,1973,63.773,87.318,Asia,,
South Korea,KOR,1974,64.239,79.403,Asia,,
South Korea,KOR,1975,64.667,121.471,Asia,,
South Korea,KOR,1976,65.011,137.922,Asia,,
South Korea,KOR,1977,64.621,142.512,Asia,,
South Korea,KOR,1978,64.961,169.297,Asia,,
South Korea,KOR,1979,66.107,234.329,Asia,,
South Korea,KOR,1980,64.848,242.273,Asia,,
South Korea,KOR,1981,67.141,261.203,Asia,,
South Korea,KOR,1982,67.061,276.632,Asia,,
South Korea,KOR,1983,66.725,301.542,Asia,,
South Korea,KOR,1984,68.109,314.552,Asia,,
South Korea,KOR,1985,68.408,338.651,Asia,,
South Korea,KOR,1986,69.035,366.596,Asia,,
South Korea,KOR,1987,69.315,399.356,Asia,,
South Korea,KOR,1988,70.16,464.663,Asia,,
South Korea,KOR,1989,70.684,561.906,Asia,,
South Korea,KOR,1990,70.994,604.779,Asia,,
South Korea,KOR,1991,71.402,619.935,Asia,,
South Korea,KOR,1992,72.175,667.395,Asia,,
South Korea,KOR,1993,72.745,687.303,Asia,,
South Korea,KOR,1994,72.889,693.787,Asia,,
South Korea,KOR,1995,73.375,754.983,Asia,,
South Korea,KOR,1996,74.021,837.97,Asia,,
South Korea,KOR,1997,74.531,848.583,Asia,,
South Korea,KOR,1998,75.035,824.522,Asia,,
South Korea,KOR,1999,75.617,926.708,Asia,,
South Korea,KOR,2000,76.235,971.327,Asia,,
South Korea,KOR,2001,76.919,1114.389,Asia,,
South Korea,KOR,2002,77.23,1115.33,Asia,,
South Korea,KOR,2003,77.497,1304.625,Asia,,
South Korea,KOR,2004,77.957,1351.043,Asia,,
South Korea,KOR,2005,78.449,1456.282,Asia,,
South Korea,KOR,2006,79.035,1597.519,Asia,,
South Korea,KOR,2007,79.432,1692.438,Asia,,
South Korea,KOR,2008,79.996,1798.315,Asia,,
South Korea,KOR,2009,80.55,1972.492,Asia,,
South Korea,KOR,2010,80.717,2152.556,Asia,,
South Korea,KOR,2011,81.168,2203.788,Asia,,
South Korea,KOR,2012,81.308,2250.775,Asia,,
South Korea,KOR,2013,81.836,2354.91,Asia,,
South Korea,KOR,2014,82.364,2479.069,Asia,,
South Korea,KOR,2015,82.54,2683.729,Asia,,
South Korea,KOR,2016,82.92,2850.466,Asia,,
South Korea,KOR,2017,83.278,3008.663,Asia,,
South Korea,KOR,2018,83.34,3214.47,Asia,,
South Korea,KOR,2019,83.685,3478.146,Asia,,
South Korea,KOR,2020,83.675,3618.078,Asia,,
South Korea,KOR,2021,83.852,3957.977,Asia,,
South Korea,KOR,2022,82.727,4220.068,Asia,,
South Korea,KOR,2023,84.329,4043.774,Asia,,
Spain,ESP,1970,72.149,535.189,Europe,,
Spain,ESP,1971,71.735,630.108,Europe,,
Spain,ESP,1972,72.953,715.204,Europe,,
Spain,ESP,1973,72.732,748.284,Europe,,
Spain,ESP,1974,73.093,839.343,Europe,,
Spain,ESP,1975,73.492,877.017,Europe,,
Spain,ESP,1976,73.807,995.047,Europe,,
Spain,ESP,1977,74.307,1063.201,Europe,,
Spain,ESP,1978,74.496,1089.086,Europe,,
Spain,ESP,1979,74.99,1072.346,Europe,,
Spain,ESP,1980,75.526,1077.984,Europe,,
Spain,ESP,1981,75.706,1080.155,Europe,,
Spain,ESP,1982,76.319,1102.672,Europe,,
Spain,ESP,1983,76.097,1143.551,Europe,,
Spain,ESP,1984,76.482,1123.089,Europe,,
Spain,ESP,1985,76.41,1123.58,Europe,,
Spain,ESP,1986,76.703,1165.601,Europe,,
Spain,ESP,1987,76.956,1248.654,Europe,,
Spain,ESP,1988,76.949,1469.213,Europe,,
Spain,ESP,1989,76.998,1573.656,Europe,,
Spain,ESP,1990,77,1735.483,Europe,,
Spain,ESP,1991,77.129,1835.053,Europe,,
Spain,ESP,1992,77.589,1948.122,Europe,,
Spain,ESP,1993,77.728,1994.588,Europe,,
Spain,ESP,1994,78.114,1998.978,Europe,,
Spain,ESP,1995,78.2,2094.472,Europe,,
Spain,ESP,1996,78.339,2156.961,Europe,,
Spain,ESP,1997,78.85,2186.449,Europe,,
Spain,ESP,1998,78.939,2275.511,Europe,,
Spain,ESP,1999,78.944,2378.967,Europe,,
Spain,ESP,2000,79.412,2435.093,Europe,,
Spain,ESP,2001,79.739,2515.454,Europe,,
Spain,ESP,2002,79.818,2591.128,Europe,,
Spain,ESP,2003,79.748,2946.589,Europe,,
Spain,ESP,2004,80.328,3035.074,Europe,,
Spain,ESP,2005,80.32,3152.315,Europe,,
Spain,ESP,2006,80.963,3278.309,Europe,,
Spain,ESP,2007,80.97,3374.257,Europe,,
Spain,ESP,2008,81.278,3498.843,Europe,,
Spain,ESP,2009,81.627,3649.727,Europe,,
Spain,ESP,2010,82.006,3598.611,Europe,,
Spain,ESP,2011,82.18,3516.177,Europe,,
Spain,ESP,2012,82.191,3364.255,Europe,,
Spain,ESP,2013,82.694,3281.297,Europe,,
Spain,ESP,2014,82.828,3333.149,Europe,,
Spain,ESP,2015,82.611,3494.067,Europe,,
Spain,ESP,2016,83,3535.115,Europe,,
Spain,ESP,2017,82.986,3626.325,Europe,,
Spain,ESP,2018,83.096,3708.217,Europe,,
Spain,ESP,2019,83.479,3818.956,Europe,,
Spain,ESP,2020,82.241,3996.229,Europe,,
Spain,ESP,2021,82.951,4094.163,Europe,,
Spain,ESP,2022,82.366,3973.838,Europe,,
Spain,ESP,2023,83.67,3902.613,Europe,,
Sweden,SWE,1970,74.664,1607.94,Europe,,
Sweden,SWE,1971,74.601,1731.876,Europe,,
Sweden,SWE,1972,74.705,1806.105,Europe,,
Sweden,SWE,1973,74.865,1857.392,Europe,,
Sweden,SWE,1974,74.969,1971.677,Europe,,
Sweden,SWE,1975,74.978,2173.375,Europe,,
Sweden,SWE,1976,74.973,2299.795,Europe,,
Sweden,SWE,1977,75.393,2499.08,Europe,,
Sweden,SWE,1978,75.484,2503.46,Europe,,
Sweden,SWE,1979,75.523,2557.07,Europe,,
Sweden,SWE,1980,75.743,2685.745,Europe,,
Sweden,SWE,1981,76.04,2649.429,Europe,,
Sweden,SWE,1982,76.35,2658.187,Europe,,
Sweden,SWE,1983,76.58,2646.615,Europe,,
Sweden,SWE,1984,76.841,2690.35,Europe,,
Sweden,SWE,1985,76.691,2593.169,Europe,,
Sweden,SWE,1986,76.955,2614.234,Europe,,
Sweden,SWE,1987,77.109,2709.079,Europe,,
Sweden,SWE,1988,76.998,2750.514,Europe,,
Sweden,SWE,1989,77.654,2856.627,Europe,,
Sweden,SWE,1990,77.589,2882.553,Europe,,
Sweden,SWE,1991,77.728,2769.558,Europe,,
Sweden,SWE,1992,78.071,2798.543,Europe,,
Sweden,SWE,1993,78.136,2703.845,Europe,,
Sweden,SWE,1994,78.747,2643.661,Europe,,
Sweden,SWE,1995,78.822,2721.715,Europe,,
Sweden,SWE,1996,79.045,2812.592,Europe,,
Sweden,SWE,1997,79.272,2813.474,Europe,,
Sweden,SWE,1998,79.416,2962.544,Europe,,
Sweden,SWE,1999,79.508,3070.352,Europe,,
Sweden,SWE,2000,79.739,3207.196,Europe,,
Sweden,SWE,2001,79.836,3484.029,Europe,,
Sweden,SWE,2002,79.935,3649.532,Europe,,
Sweden,SWE,2003,80.195,3723.876,Europe,,
Sweden,SWE,2004,80.546,3759.193,Europe,,
Sweden,SWE,2005,80.621,3835.367,Europe,,
Sweden,SWE,2006,80.832,3941.751,Europe,,
Sweden,SWE,2007,80.97,4043.332,Europe,,
Sweden,SWE,2008,81.137,4106.599,Europe,,
Sweden,SWE,2009,81.363,4190.808,Europe,,
Sweden,SWE,2010,81.519,4153.327,Europe,,
Sweden,SWE,2011,81.758,5324.135,Europe,,
Sweden,SWE,2012,81.73,5416.972,Europe,,
Sweden,SWE,2013,81.935,5502.165,Europe,,
Sweden,SWE,2014,82.224,5631.31,Europe,,
Sweden,SWE,2015,82.184,5782.029,Europe,,
Sweden,SWE,2016,82.339,5866.121,Europe,,
Sweden,SWE,2017,82.438,5885.21,Europe,,
Sweden,SWE,2018,82.532,5982.065,Europe,,
Sweden,SWE,2019,83.052,5991.582,Europe,,
Sweden,SWE,2020,82.427,6067.976,Europe,,
Sweden,SWE,2021,83.02,6316.23,Europe,,
Sweden,SWE,2022,83.046,6137.483,Europe,,
Sweden,SWE,2023,83.262,6184.287,Europe,,
Switzerland,CHE,1970,73.124,1918.838,Europe,,
Switzerland,CHE,1971,73.241,2118.084,Europe,,
Switzerland,CHE,1972,73.759,2198.714,Europe,,
Switzerland,CHE,1973,74.06,2263.434,Europe,,
Switzerland,CHE,1974,74.401,2371.597,Europe,,
Switzerland,CHE,1975,74.791,2518.79,Europe,,
Switzerland,CHE,1976,74.906,2597.701,Europe,,
Switzerland,CHE,1977,75.367,2644.284,Europe,,
Switzerland,CHE,1978,75.308,2738.425,Europe,,
Switzerland,CHE,1979,75.608,2775.124,Europe,,
Switzerland,CHE,1980,75.59,2855.556,Europe,,
Switzerland,CHE,1981,75.818,2913.632,Europe,,
Switzerland,CHE,1982,76.162,2960.504,Europe,,
Switzerland,CHE,1983,76.157,3100.699,Europe,,
Switzerland,CHE,1984,76.756,3099.433,Europe,,
Switzerland,CHE,1985,76.882,3421.118,Europe,,
Switzerland,CHE,1986,77.04,3602.705,Europe,,
Switzerland,CHE,1987,77.332,3749.425,Europe,,
Switzerland,CHE,1988,77.365,3897.227,Europe,,
Switzerland,CHE,1989,77.557,4056.396,Europe,,
Switzerland,CHE,1990,77.385,4109.291,Europe,,
Switzerland,CHE,1991,77.648,4342.093,Europe,,
Switzerland,CHE,1992,77.944,4405.777,Europe,,
Switzerland,CHE,1993,78.234,4400.614,Europe,,
Switzerland,CHE,1994,78.495,4542.17,Europe,,
Switzerland,CHE,1995,78.565,4421.847,Europe,,
Switzerland,CHE,1996,79.049,4578.958,Europe,,
Switzerland,CHE,1997,79.233,4632.994,Europe,,
Switzerland,CHE,1998,79.475,4804.494,Europe,,
Switzerland,CHE,1999,79.724,4905.998,Europe,,
Switzerland,CHE,2000,79.834,5034.5,Europe,,
Switzerland,CHE,2001,80.251,5277.762,Europe,,
Switzerland,CHE,2002,80.444,5472.736,Europe,,
Switzerland,CHE,2003,80.532,5573.406,Europe,,
Switzerland,CHE,2004,81.055,5712.372,Europe,,
Switzerland,CHE,2005,81.236,5733.32,Europe,,
Switzerland,CHE,2006,81.549,5687.852,Europe,,
Switzerland,CHE,2007,81.703,5797.595,Europe,,
Switzerland,CHE,2008,81.971,5926.419,Europe,,
Switzerland,CHE,2009,81.989,6133.179,Europe,,
Switzerland,CHE,2010,82.287,6165.375,Europe,,
Switzerland,CHE,2011,82.574,6298.444,Europe,,
Switzerland,CHE,2012,82.617,6502.477,Europe,,
Switzerland,CHE,2013,82.689,6728.825,Europe,,
Switzerland,CHE,2014,83.084,6818.011,Europe,,
Switzerland,CHE,2015,82.846,7052.876,Europe,,
Switzerland,CHE,2016,83.446,7229.328,Europe,,
Switzerland,CHE,2017,83.414,7295.414,Europe,,
Switzerland,CHE,2018,83.564,7284.877,Europe,,
Switzerland,CHE,2019,83.78,7481.35,Europe,,
Switzerland,CHE,2020,83.063,7621.094,Europe,,
Switzerland,CHE,2021,83.648,8026.259,Europe,,
Switzerland,CHE,2022,83.2,8015.091,Europe,,
Switzerland,CHE,2023,83.954,7918.612,Europe,,
Thailand,THA,1995,71.205,358.407,Asia,2000,2000
Thailand,THA,1996,71.205,358.407,Asia,2000,2000
Thailand,THA,1997,71.205,358.407,Asia,2000,2000
Thailand,THA,1998,71.205,358.407,Asia,2000,2000
Thailand,THA,1999,71.205,358.407,Asia,2000,2000
Thailand,THA,2000,71.205,358.407,Asia,,
Thailand,THA,2001,71.52,350.935,Asia,,
Thailand,THA,2002,71.775,410.573,Asia,,
Thailand,THA,2003,72.101,424.578,Asia,,
Thailand,THA,2004,72.1,433.331,Asia,,
Thailand,THA,2005,72.894,448.505,Asia,,
Thailand,THA,2006,73.341,459.454,Asia,,
Thailand,THA,2007,73.779,495.668,Asia,,
Thailand,THA,2008,74.221,534.373,Asia,,
Thailand,THA,2009,74.669,556.869,Asia,,
Thailand,THA,2010,75.012,558.618,Asia,,
Thailand,THA,2011,75.302,582.865,Asia,,
Thailand,THA,2012,75.59,608.29,Asia,,
Thailand,THA,2013,75.96,610.626,Asia,,
Thailand,THA,2014,76.279,650.215,Asia,,
Thailand,THA,2015,76.563,706.169,Asia,,
Thailand,THA,2016,76.769,758.147,Asia,,
Thailand,THA,2017,76.989,774.147,Asia,,
Thailand,THA,2018,77.19,811.042,Asia,,
Thailand,THA,2019,77.197,810.617,Asia,,
Thailand,THA,2020,77.331,862.43,Asia,,
Thailand,THA,2021,77.606,1038.125,Asia,,
Thailand,THA,2022,75.291,1102.741,Asia,,
Thailand,THA,2023,76.412,914.97,Asia,,
Turkey,TUR,1970,59.513,182.265,Asia,1975,1975
Turkey,TUR,1971,59.513,182.265,Asia,1975,1975
Turkey,TUR,1972,59.513,182.265,Asia,1975,1975
Turkey,TUR,1973,59.513,182.265,Asia,1975,1975
Turkey,TUR,1974,59.513,182.265,Asia,1975,1975
Turkey,TUR,1975,59.513,182.265,Asia,,
Turkey,TUR,1976,60.014,162.06,Asia,,
Turkey,TUR,1977,60.846,213.838,Asia,,
Turkey,TUR,1978,61.614,228.283,Asia,,
Turkey,TUR,1979,62.161,224.435,Asia,,
Turkey,TUR,1980,62.739,215.336,Asia,,
Turkey,TUR,1981,63.194,251.446,Asia,,
Turkey,TUR,1982,63.74,208.951,Asia,,
Turkey,TUR,1983,64.269,221.694,Asia,,
Turkey,TUR,1984,64.81,219.73,Asia,,
Turkey,TUR,1985,65.344,162.543,Asia,,
Turkey,TUR,1986,65.87,219.59,Asia,,
Turkey,TUR,1987,66.379,220.832,Asia,,
Turkey,TUR,1988,66.902,256.344,Asia,,
Turkey,TUR,1989,67.365,263.708,Asia,,
Turkey,TUR,1990,67.835,298.663,Asia,,
Turkey,TUR,1991,68.287,332.247,Asia,,
Turkey,TUR,1992,68.603,336.904,Asia,,
Turkey,TUR,1993,69.018,354.368,Asia,,
Turkey,TUR,1994,69.402,316.34,Asia,,
Turkey,TUR,1995,69.734,302.988,Asia,,
Turkey,TUR,1996,70.245,393.455,Asia,,
Turkey,TUR,1997,70.668,443.343,Asia,,
Turkey,TUR,1998,71.144,493.695,Asia,,
Turkey,TUR,1999,70.752,610.704,Asia,,
Turkey,TUR,2000,71.931,658.035,Asia,,
Turkey,TUR,2001,72.271,672.312,Asia,,
Turkey,TUR,2002,72.605,736.904,Asia,,
Turkey,TUR,2003,72.906,754.507,Asia,,
Turkey,TUR,2004,73.223,813.664,Asia,,
Turkey,TUR,2005,73.51,853.973,Asia,,
Turkey,TUR,2006,73.804,945.264,Asia,,
Turkey,TUR,2007,74.129,993.208,Asia,,
Turkey,TUR,2008,74.38,996.374,Asia,,
Turkey,TUR,2009,74.679,997.805,Asia,,
Turkey,TUR,2010,74.964,981.343,Asia,,
Turkey,TUR,2011,74.823,994.298,Asia,,
Turkey,TUR,2012,75.552,982.84,Asia,,
Turkey,TUR,2013,76.171,1039.402,Asia,,
Turkey,TUR,2014,76.452,1061.834,Asia,,
Turkey,TUR,2015,76.539,1059.308,Asia,,
Turkey,TUR,2016,76.595,1138.28,Asia,,
Turkey,TUR,2017,77.037,1179.9,Asia,,
Turkey,TUR,2018,77.454,1213.491,Asia,,
Turkey,TUR,2019,77.737,1267.951,Asia,,
Turkey,TUR,2020,76.525,1382.389,Asia,,
Turkey,TUR,2021,75.722,1598.284,Asia,,
Turkey,TUR,2022,77.591,1480.239,Asia,,
Turkey,TUR,2023,77.156,1807.58,Asia,,
Ukraine,UKR,2005,70.188,816.694,Europe,2010,2010
Ukraine,UKR,2006,70.188,816.694,Europe,2010,2010
Ukraine,UKR,2007,70.188,816.694,Europe,2010,2010
Ukraine,UKR,2008,70.188,816.694,Europe,2010,2010
Ukraine,UKR,2009,70.188,816.694,Europe,2010,2010
Ukraine,UKR,2010,70.188,816.694,Europe,,
Ukraine,UKR,2011,70.711,902.234,Europe,,
Ukraine,UKR,2012,71.09,985.968,Europe,,
Ukraine,UKR,2013,71.474,974.73,Europe,,
Ukraine,UKR,2014,71.803,952.287,Europe,,
Ukraine,UKR,2015,72.686,949.278,Europe,,
Ukraine,UKR,2016,73.389,964.97,Europe,,
Ukraine,UKR,2017,73.993,1015.272,Europe,,
Ukraine,UKR,2018,73.569,1086.889,Europe,,
Ukraine,UKR,2019,73.92,1056.306,Europe,,
Ukraine,UKR,2020,73.283,1161.109,Europe,,
Ukraine,UKR,2021,71.631,1429.186,Europe,,
Ukraine,UKR,2022,71.631,1429.186,Europe,2021,2021
Ukraine,UKR,2023,71.631,1429.186,Europe,2021,2021
United Kingdom,GBR,1970,71.882,728.339,Europe,,
United Kingdom,GBR,1971,72.234,753.497,Europe,,
United Kingdom,GBR,1972,71.988,800.16,Europe,,
United Kingdom,GBR,1973,72.185,833.552,Europe,,
United Kingdom,GBR,1974,72.376,917.542,Europe,,
United Kingdom,GBR,1975,72.65,970.051,Europe,,
United Kingdom,GBR,1976,72.634,997.233,Europe,,
United Kingdom,GBR,1977,73.111,998.439,Europe,,
United Kingdom,GBR,1978,73.043,1045.828,Europe,,
United Kingdom,GBR,1979,73.161,1073.334,Europe,,
United Kingdom,GBR,1980,73.591,1144.327,Europe,,
United Kingdom,GBR,1981,73.916,1183.009,Europe,,
United Kingdom,GBR,1982,74.039,1157.322,Europe,,
United Kingdom,GBR,1983,74.293,1242.47,Europe,,
United Kingdom,GBR,1984,74.674,1242.012,Europe,,
United Kingdom,GBR,1985,74.536,1263.83,Europe,,
United Kingdom,GBR,1986,74.795,1301.344,Europe,,
United Kingdom,GBR,1987,75.147,1383.143,Europe,,
United Kingdom,GBR,1988,75.259,1443.517,Europe,,
United Kingdom,GBR,1989,75.397,1486.045,Europe,,
United Kingdom,GBR,1990,75.738,1504.95,Europe,,
United Kingdom,GBR,1991,75.911,1566.911,Europe,,
United Kingdom,GBR,1992,76.307,1683.873,Europe,,
United Kingdom,GBR,1993,76.16,1757.435,Europe,,
United Kingdom,GBR,1994,76.72,1830.11,Europe,,
United Kingdom,GBR,1995,76.614,1851.94,Europe,,
United Kingdom,GBR,1996,76.872,1899.344,Europe,,
United Kingdom,GBR,1997,77.139,2465.236,Europe,,
United Kingdom,GBR,1998,77.275,2569.976,Europe,,
United Kingdom,GBR,1999,77.373,2697.417,Europe,,
United Kingdom,GBR,2000,77.849,2836.511,Europe,,
United Kingdom,GBR,2001,78.121,3034.594,Europe,,
United Kingdom,GBR,2002,78.237,3268.904,Europe,,
United Kingdom,GBR,2003,78.33,3442.222,Europe,,
United Kingdom,GBR,2004,78.9,3633.495,Europe,,
United Kingdom,GBR,2005,79.106,3748.623,Europe,,
United Kingdom,GBR,2006,79.347,3854.856,Europe,,
United Kingdom,GBR,2007,79.534,4045.132,Europe,,
United Kingdom,GBR,2008,79.655,4083.33,Europe,,
United Kingdom,GBR,2009,80.156,4225.877,Europe,,
United Kingdom,GBR,2010,80.391,4303.629,Europe,,
United Kingdom,GBR,2011,80.796,4255.965,Europe,,
United Kingdom,GBR,2012,80.859,4373.923,Europe,,
United Kingdom,GBR,2013,80.923,4413.716,Europe,,
United Kingdom,GBR,2014,81.153,4528.541,Europe,,
United Kingdom,GBR,2015,80.919,4631.421,Europe,,
United Kingdom,GBR,2016,81.067,4691.439,Europe,,
United Kingdom,GBR,2017,81.164,4734.251,Europe,,
United Kingdom,GBR,2018,81.123,4805.53,Europe,,
United Kingdom,GBR,2019,81.443,4950.49,Europe,,
United Kingdom,GBR,2020,80.385,5408.519,Europe,,
United Kingdom,GBR,2021,80.708,5836.521,Europe,,
United Kingdom,GBR,2022,81.074,5453.319,Europe,,
United Kingdom,GBR,2023,81.302,5312.669,Europe,,
United States,USA,1970,70.734,1794.212,North America,,
United States,USA,1971,71.098,1878.147,North America,,
United States,USA,1972,71.178,2008.899,North America,,
United States,USA,1973,71.397,2107.35,North America,,
United States,USA,1974,71.959,2157.223,North America,,
United States,USA,1975,72.543,2254.293,North America,,
United States,USA,1976,72.845,2433.562,North America,,
United States,USA,1977,73.227,2597.266,North America,,
United States,USA,1978,73.409,2706.494,North America,,
United States,USA,1979,73.833,2793.083,North America,,
United States,USA,1980,73.73,2876.748,North America,,
United States,USA,1981,74.117,3034.499,North America,,
United States,USA,1982,74.463,3205.515,North America,,
United States,USA,1983,74.553,3357.591,North America,,
United States,USA,1984,74.675,3538.849,North America,,
United States,USA,1985,74.65,3727.378,North America,,
United States,USA,1986,74.728,3882.253,North America,,
United States,USA,1987,74.86,4021.001,North America,,
United States,USA,1988,74.833,4302.452,North America,,
United States,USA,1989,75.109,4549.754,North America,,
United States,USA,1990,75.374,4822.284,North America,,
United States,USA,1991,75.524,5038.055,North America,,
United States,USA,1992,75.779,5238.496,North America,,
United States,USA,1993,75.568,5416.911,North America,,
United States,USA,1994,75.738,5535.362,North America,,
United States,USA,1995,75.852,5667.418,North America,,
United States,USA,1996,76.175,5780.185,North America,,
United States,USA,1997,76.498,5916.66,North America,,
United States,USA,1998,76.659,6113.875,North America,,
United States,USA,1999,76.669,6309.337,North America,,
United States,USA,2000,76.806,6542.34,North America,,
United States,USA,2001,76.919,6900.574,North America,,
United States,USA,2002,76.988,7403.671,North America,,
United States,USA,2003,77.137,7801.54,North America,,
United States,USA,2004,77.535,8056.604,North America,,
United States,USA,2005,77.526,8286.408,North America,,
United States,USA,2006,77.798,8517.187,North America,,
United States,USA,2007,78.047,8726.721,North America,,
United States,USA,2008,78.127,8721.512,North America,,
United States,USA,2009,78.476,9056.043,North America,,
United States,USA,2010,78.668,9153.985,North America,,
United States,USA,2011,78.702,9149.377,North America,,
United States,USA,2012,78.817,9280.632,North America,,
United States,USA,2013,78.817,9333.09,North America,,
United States,USA,2014,78.879,9647.42,North America,,
United States,USA,2015,78.722,10098.662,North America,,
United States,USA,2016,78.686,10398.996,North America,,
United States,USA,2017,78.648,10548.953,North America,,
United States,USA,2018,78.8,10774.02,North America,,
United States,USA,2019,78.916,11066.6,North America,,
United States,USA,2020,77.011,12076.794,North America,,
United States,USA,2021,76.384,12007.415,North America,,
United States,USA,2022,77.979,11753.68,North America,,
United States,USA,2023,79.304,12098.848,North America,,
